source_file,entity_type,raw_value,confidence,extraction_timestamp
W2_XL_input_noisy_2922.pdf,AllocatedTips,173239.4,0.94,2026-05-29 02:14:33.602031
W2_XL_input_noisy_2922.pdf,ControlNumber,8265563,0.87,2026-05-29 02:14:33.602131
W2_XL_input_noisy_2922.pdf,DependentCareBenefits,256,0.31,2026-05-29 02:14:33.602156
W2_XL_input_noisy_2922.pdf,EIN,68-1949016,0.96,2026-05-29 02:14:33.602174
W2_XL_input_noisy_2922.pdf,EmployeeAddress_City,East Lori,0.83,2026-05-29 02:14:33.602191
W2_XL_input_noisy_2922.pdf,EmployeeAddress_State,NY,0.08,2026-05-29 02:14:33.602208
W2_XL_input_noisy_2922.pdf,EmployeeAddress_StreetAddressOrPostalBox,6243 Avila Mission Apt. 653,0.74,2026-05-29 02:14:33.602266
W2_XL_input_noisy_2922.pdf,EmployeeAddress_Zip,43845,0.81,2026-05-29 02:14:33.602309
W2_XL_input_noisy_2922.pdf,EmployeeName_FirstName,Tiffany,0.96,2026-05-29 02:14:33.602363
W2_XL_input_noisy_2922.pdf,EmployeeName_LastName,Ramirez,0.96,2026-05-29 02:14:33.602394
W2_XL_input_noisy_2922.pdf,EmployerAddress_City,Bryanport,0.92,2026-05-29 02:14:33.602411
W2_XL_input_noisy_2922.pdf,EmployerAddress_State,VT,0.07,2026-05-29 02:14:33.602427
W2_XL_input_noisy_2922.pdf,EmployerAddress_StreetAddressOrPostalBox,2395 Joshua Center Apt. 267,0.83,2026-05-29 02:14:33.602444
W2_XL_input_noisy_2922.pdf,EmployerName,"Harmon, Wang and Rodriguez and Sons",0.93,2026-05-29 02:14:33.602459
W2_XL_input_noisy_2922.pdf,EmployerStateIdNumber_Line1,080-93-510,0.85,2026-05-29 02:14:33.602475
W2_XL_input_noisy_2922.pdf,FederalIncomeTaxWithheld,39400.69,0.94,2026-05-29 02:14:33.602491
W2_XL_input_noisy_2922.pdf,FormYear,2010,0.88,2026-05-29 02:14:33.602520
W2_XL_input_noisy_2922.pdf,LocalIncomeTax_Line1,23384.05,0.89,2026-05-29 02:14:33.602537
W2_XL_input_noisy_2922.pdf,LocalWagesTipsEtc_Line1,154749.84,0.92,2026-05-29 02:14:33.602553
W2_XL_input_noisy_2922.pdf,LocalityName_Line1,Katherine Mission,0.82,2026-05-29 02:14:33.602568
W2_XL_input_noisy_2922.pdf,MedicareTaxWithheld,5023.94,0.95,2026-05-29 02:14:33.602583
W2_XL_input_noisy_2922.pdf,MedicareWagesAndTips,173239.4,0.95,2026-05-29 02:14:33.602597
W2_XL_input_noisy_2922.pdf,SSN,070-82-9963,0.94,2026-05-29 02:14:33.602612
W2_XL_input_noisy_2922.pdf,SocialSecurityTaxWithheld,15962.4,0.85,2026-05-29 02:14:33.602627
W2_XL_input_noisy_2922.pdf,SocialSecurityTips,208658.82,0.92,2026-05-29 02:14:33.602642
W2_XL_input_noisy_2922.pdf,SocialSecurityWages,208658.82,0.95,2026-05-29 02:14:33.602656
W2_XL_input_noisy_2922.pdf,StateIncomeTax_Line1,23.84,0.56,2026-05-29 02:14:33.602672
W2_XL_input_noisy_2922.pdf,StateWagesTipsEtc_Line1,93340.99,0.34,2026-05-29 02:14:33.602686
W2_XL_input_noisy_2922.pdf,State_Line1,WV,0.96,2026-05-29 02:14:33.602701
W2_XL_input_noisy_2922.pdf,WagesTipsOtherCompensation,175527.76,0.96,2026-05-29 02:14:33.602716
W2_XL_input_noisy_2922.pdf,a_Value,2152,0.89,2026-05-29 02:14:33.602730
W2_XL_input_noisy_2922.pdf,b_Code,G,0.65,2026-05-29 02:14:33.602746
W2_XL_input_noisy_2922.pdf,c_Code,E,0.91,2026-05-29 02:14:33.602761
W2_XL_input_noisy_2922.pdf,c_Value,690,0.69,2026-05-29 02:14:33.602776
W2_XL_input_noisy_2922.pdf,d_Value,765,0.09,2026-05-29 02:14:33.602791
W2_XL_input_clean_1359.pdf,AllocatedTips,83187.62,0.94,2026-05-29 02:14:51.237521
W2_XL_input_clean_1359.pdf,ControlNumber,3937814,0.94,2026-05-29 02:14:51.237605
W2_XL_input_clean_1359.pdf,DependentCareBenefits,239,0.77,2026-05-29 02:14:51.237629
W2_XL_input_clean_1359.pdf,EIN,86-3619959,0.98,2026-05-29 02:14:51.237646
W2_XL_input_clean_1359.pdf,EmployeeAddress_City,New Catherine,0.93,2026-05-29 02:14:51.237665
W2_XL_input_clean_1359.pdf,EmployeeAddress_State,WY,0.08,2026-05-29 02:14:51.237681
W2_XL_input_clean_1359.pdf,EmployeeAddress_StreetAddressOrPostalBox,19447 Renee Parkways,0.81,2026-05-29 02:14:51.237698
W2_XL_input_clean_1359.pdf,EmployeeAddress_Zip,93672,0.77,2026-05-29 02:14:51.237713
W2_XL_input_clean_1359.pdf,EmployeeName_FirstName,Alison,0.97,2026-05-29 02:14:51.237728
W2_XL_input_clean_1359.pdf,EmployeeName_LastName,Martinez,0.97,2026-05-29 02:14:51.237743
W2_XL_input_clean_1359.pdf,EmployerAddress_City,Lake Amy,0.95,2026-05-29 02:14:51.237758
W2_XL_input_clean_1359.pdf,EmployerAddress_State,PA,0.07,2026-05-29 02:14:51.237774
W2_XL_input_clean_1359.pdf,EmployerAddress_StreetAddressOrPostalBox,66656 Johnson Brook Suite 053,0.72,2026-05-29 02:14:51.237789
W2_XL_input_clean_1359.pdf,EmployerAddress_Zip,21885-2099,0.98,2026-05-29 02:14:51.237804
W2_XL_input_clean_1359.pdf,EmployerName,Dennis-Erickson Ltd,0.97,2026-05-29 02:14:51.237819
W2_XL_input_clean_1359.pdf,EmployerStateIdNumber_Line1,909-36-601,0.42,2026-05-29 02:14:51.237834
W2_XL_input_clean_1359.pdf,FederalIncomeTaxWithheld,10638.61,0.97,2026-05-29 02:14:51.237850
W2_XL_input_clean_1359.pdf,FormYear,2010,0.81,2026-05-29 02:14:51.237865
W2_XL_input_clean_1359.pdf,LocalIncomeTax_Line1,10363.89,0.85,2026-05-29 02:14:51.237881
W2_XL_input_clean_1359.pdf,LocalWagesTipsEtc_Line1,62539.27,0.87,2026-05-29 02:14:51.237896
W2_XL_input_clean_1359.pdf,LocalityName_Line1,Young Springs,0.77,2026-05-29 02:14:51.237911
W2_XL_input_clean_1359.pdf,MedicareTaxWithheld,2412.44,0.98,2026-05-29 02:14:51.238476
W2_XL_input_clean_1359.pdf,MedicareWagesAndTips,83187.62,0.97,2026-05-29 02:14:51.238500
W2_XL_input_clean_1359.pdf,SSN,400-18-3267,0.98,2026-05-29 02:14:51.238516
W2_XL_input_clean_1359.pdf,SocialSecurityTaxWithheld,5005.6,0.97,2026-05-29 02:14:51.238532
W2_XL_input_clean_1359.pdf,SocialSecurityTips,65432.67,0.99,2026-05-29 02:14:51.238547
W2_XL_input_clean_1359.pdf,SocialSecurityWages,65432.67,0.96,2026-05-29 02:14:51.238563
W2_XL_input_clean_1359.pdf,StateIncomeTax_Line1,2187.65,0.41,2026-05-29 02:14:51.238578
W2_XL_input_clean_1359.pdf,StateWagesTipsEtc_Line1,33773.73,0.34,2026-05-29 02:14:51.238593
W2_XL_input_clean_1359.pdf,State_Line1,NV,0.88,2026-05-29 02:14:51.238608
W2_XL_input_clean_1359.pdf,WagesTipsOtherCompensation,65875.11,0.96,2026-05-29 02:14:51.238624
W2_XL_input_clean_1359.pdf,a_Code,H,0.73,2026-05-29 02:14:51.238640
W2_XL_input_clean_1359.pdf,a_Value,2262,0.17,2026-05-29 02:14:51.238655
W2_XL_input_clean_1359.pdf,b_Value,629,0.58,2026-05-29 02:14:51.238673
W2_XL_input_clean_1359.pdf,c_Code,D,0.43,2026-05-29 02:14:51.238689
W2_XL_input_clean_1359.pdf,c_Value,806,0.22,2026-05-29 02:14:51.238705
W2_XL_input_clean_1112.pdf,AllocatedTips,114159.59,0.94,2026-05-29 02:15:02.854220
W2_XL_input_clean_1112.pdf,ControlNumber,7074476,0.88,2026-05-29 02:15:02.854365
W2_XL_input_clean_1112.pdf,DependentCareBenefits,197,0.75,2026-05-29 02:15:02.854411
W2_XL_input_clean_1112.pdf,EIN,56-7437876,0.99,2026-05-29 02:15:02.854440
W2_XL_input_clean_1112.pdf,EmployeeAddress_City,Douglasfurt,0.71,2026-05-29 02:15:02.854466
W2_XL_input_clean_1112.pdf,EmployeeAddress_State,IL,0.07,2026-05-29 02:15:02.854491
W2_XL_input_clean_1112.pdf,EmployeeAddress_StreetAddressOrPostalBox,18383 Johnson Brook,0.69,2026-05-29 02:15:02.854540
W2_XL_input_clean_1112.pdf,EmployeeAddress_Zip,18679,0.74,2026-05-29 02:15:02.854565
W2_XL_input_clean_1112.pdf,EmployeeName_FirstName,Jessica,0.97,2026-05-29 02:15:02.854602
W2_XL_input_clean_1112.pdf,EmployeeName_LastName,Wong,0.95,2026-05-29 02:15:02.854645
W2_XL_input_clean_1112.pdf,EmployerAddress_City,Hughesmouth,0.56,2026-05-29 02:15:02.854684
W2_XL_input_clean_1112.pdf,EmployerAddress_State,AR,0.07,2026-05-29 02:15:02.854718
W2_XL_input_clean_1112.pdf,EmployerAddress_StreetAddressOrPostalBox,47823 Robert Forks,0.26,2026-05-29 02:15:02.854746
W2_XL_input_clean_1112.pdf,EmployerName,Turner-Powell and Sons,0.97,2026-05-29 02:15:02.854771
W2_XL_input_clean_1112.pdf,EmployerStateIdNumber_Line1,092-03-392,0.58,2026-05-29 02:15:02.854787
W2_XL_input_clean_1112.pdf,FederalIncomeTaxWithheld,16509.94,0.97,2026-05-29 02:15:02.854803
W2_XL_input_clean_1112.pdf,FormYear,2010,0.86,2026-05-29 02:15:02.854818
W2_XL_input_clean_1112.pdf,LocalIncomeTax_Line1,11091.51,0.71,2026-05-29 02:15:02.854832
W2_XL_input_clean_1112.pdf,LocalWagesTipsEtc_Line1,99452.5,0.56,2026-05-29 02:15:02.854847
W2_XL_input_clean_1112.pdf,LocalityName_Line1,Nichols Spring,0.76,2026-05-29 02:15:02.854863
W2_XL_input_clean_1112.pdf,MedicareTaxWithheld,3310.63,0.91,2026-05-29 02:15:02.854878
W2_XL_input_clean_1112.pdf,MedicareWagesAndTips,114159.59,0.96,2026-05-29 02:15:02.854893
W2_XL_input_clean_1112.pdf,NonqualifiedPlans,262,0.02,2026-05-29 02:15:02.854978
W2_XL_input_clean_1112.pdf,SSN,585-23-3255,0.97,2026-05-29 02:15:02.854998
W2_XL_input_clean_1112.pdf,SocialSecurityTaxWithheld,10056.89,0.92,2026-05-29 02:15:02.855032
W2_XL_input_clean_1112.pdf,SocialSecurityTips,131462.56,0.96,2026-05-29 02:15:02.855049
W2_XL_input_clean_1112.pdf,SocialSecurityWages,131462.56,0.96,2026-05-29 02:15:02.855064
W2_XL_input_clean_1112.pdf,StateIncomeTax_Line1,5451.43,0.61,2026-05-29 02:15:02.855085
W2_XL_input_clean_1112.pdf,StateWagesTipsEtc_Line1,48957.06,0.49,2026-05-29 02:15:02.855107
W2_XL_input_clean_1112.pdf,State_Line1,FL,0.77,2026-05-29 02:15:02.855123
W2_XL_input_clean_1112.pdf,WagesTipsOtherCompensation,108752.74,0.94,2026-05-29 02:15:02.855138
W2_XL_input_clean_1112.pdf,a_Value,2345,0.33,2026-05-29 02:15:02.855153
W2_XL_input_clean_1112.pdf,b_Code,G,0.54,2026-05-29 02:15:02.855175
W2_XL_input_clean_1112.pdf,c_Code,P,0.09,2026-05-29 02:15:02.855191
W2_XL_input_clean_1112.pdf,c_Value,822,0.33,2026-05-29 02:15:02.855206
W2_XL_input_clean_1332.pdf,AllocatedTips,98726.19,0.88,2026-05-29 02:15:16.506370
W2_XL_input_clean_1332.pdf,ControlNumber,2209098,0.69,2026-05-29 02:15:16.506468
W2_XL_input_clean_1332.pdf,DependentCareBenefits,257,0.83,2026-05-29 02:15:16.506503
W2_XL_input_clean_1332.pdf,EIN,77-1212212,0.99,2026-05-29 02:15:16.506541
W2_XL_input_clean_1332.pdf,EmployeeAddress_City,Kristinafort,0.83,2026-05-29 02:15:16.506570
W2_XL_input_clean_1332.pdf,EmployeeAddress_State,WV,0.02,2026-05-29 02:15:16.506595
W2_XL_input_clean_1332.pdf,EmployeeAddress_StreetAddressOrPostalBox,08165 Wilcox Ports,0.53,2026-05-29 02:15:16.506675
W2_XL_input_clean_1332.pdf,EmployeeName_FirstName,Dean,0.88,2026-05-29 02:15:16.506721
W2_XL_input_clean_1332.pdf,EmployeeName_LastName,Lynch,0.86,2026-05-29 02:15:16.506755
W2_XL_input_clean_1332.pdf,EmployerAddress_City,Kathrynstad,0.84,2026-05-29 02:15:16.506784
W2_XL_input_clean_1332.pdf,EmployerAddress_State,OH,0.07,2026-05-29 02:15:16.506816
W2_XL_input_clean_1332.pdf,EmployerAddress_StreetAddressOrPostalBox,57258 Atkinson Glen Suite 787,0.38,2026-05-29 02:15:16.506835
W2_XL_input_clean_1332.pdf,EmployerName,Mckenzie-Richards and Sons,0.93,2026-05-29 02:15:16.506914
W2_XL_input_clean_1332.pdf,EmployerStateIdNumber_Line1,021-83-463,0.52,2026-05-29 02:15:16.506939
W2_XL_input_clean_1332.pdf,FederalIncomeTaxWithheld,9529.6,0.73,2026-05-29 02:15:16.506965
W2_XL_input_clean_1332.pdf,FormYear,2010,0.87,2026-05-29 02:15:16.506980
W2_XL_input_clean_1332.pdf,LocalIncomeTax_Line1,13488.35,0.85,2026-05-29 02:15:16.506995
W2_XL_input_clean_1332.pdf,LocalWagesTipsEtc_Line1,85435.7,0.69,2026-05-29 02:15:16.507011
W2_XL_input_clean_1332.pdf,LocalityName_Line1,Cochran Heights,0.72,2026-05-29 02:15:16.507026
W2_XL_input_clean_1332.pdf,MedicareTaxWithheld,2863.06,0.96,2026-05-29 02:15:16.507041
W2_XL_input_clean_1332.pdf,MedicareWagesAndTips,98726.19,0.96,2026-05-29 02:15:16.507056
W2_XL_input_clean_1332.pdf,SSN,177-37-3195,0.98,2026-05-29 02:15:16.507071
W2_XL_input_clean_1332.pdf,SocialSecurityTaxWithheld,7762.19,0.7,2026-05-29 02:15:16.507086
W2_XL_input_clean_1332.pdf,SocialSecurityTips,101466.49,0.99,2026-05-29 02:15:16.507108
W2_XL_input_clean_1332.pdf,SocialSecurityWages,101466.49,0.97,2026-05-29 02:15:16.507123
W2_XL_input_clean_1332.pdf,StateIncomeTax_Line1,3630.48,0.71,2026-05-29 02:15:16.507138
W2_XL_input_clean_1332.pdf,StateWagesTipsEtc_Line1,36159.82,0.58,2026-05-29 02:15:16.507153
W2_XL_input_clean_1332.pdf,State_Line1,OH,0.92,2026-05-29 02:15:16.507168
W2_XL_input_clean_1332.pdf,WagesTipsOtherCompensation,78224.53,0.96,2026-05-29 02:15:16.507182
W2_XL_input_clean_1332.pdf,a_Code,G,0.54,2026-05-29 02:15:16.507198
W2_XL_input_clean_1332.pdf,b_Code,H,0.15,2026-05-29 02:15:16.507214
W2_XL_input_clean_1332.pdf,c_Value,400,0.32,2026-05-29 02:15:16.507285
W2_XL_input_clean_1332.pdf,d_Code,G,0.0,2026-05-29 02:15:16.507316
W2_XL_input_clean_1111.pdf,AllocatedTips,77801.6,0.85,2026-05-29 02:15:27.016018
W2_XL_input_clean_1111.pdf,ControlNumber,4465324,0.8,2026-05-29 02:15:27.016109
W2_XL_input_clean_1111.pdf,DependentCareBenefits,258,0.72,2026-05-29 02:15:27.016139
W2_XL_input_clean_1111.pdf,EIN,37-8327981,0.98,2026-05-29 02:15:27.016182
W2_XL_input_clean_1111.pdf,EmployeeAddress_City,Jeremystad,0.85,2026-05-29 02:15:27.016211
W2_XL_input_clean_1111.pdf,EmployeeAddress_State,HI,0.06,2026-05-29 02:15:27.016260
W2_XL_input_clean_1111.pdf,EmployeeAddress_StreetAddressOrPostalBox,51361 Brent Plaza,0.62,2026-05-29 02:15:27.016288
W2_XL_input_clean_1111.pdf,EmployeeAddress_Zip,52070,0.79,2026-05-29 02:15:27.016330
W2_XL_input_clean_1111.pdf,EmployeeName_FirstName,Seth,0.94,2026-05-29 02:15:27.016371
W2_XL_input_clean_1111.pdf,EmployeeName_LastName,Valdez,0.88,2026-05-29 02:15:27.016406
W2_XL_input_clean_1111.pdf,EmployerAddress_City,South Ryanbury,0.59,2026-05-29 02:15:27.016446
W2_XL_input_clean_1111.pdf,EmployerAddress_State,OK,0.07,2026-05-29 02:15:27.016462
W2_XL_input_clean_1111.pdf,EmployerAddress_StreetAddressOrPostalBox,153 Gonzalez Centers,0.9,2026-05-29 02:15:27.016478
W2_XL_input_clean_1111.pdf,EmployerName,Deleon-Cooper LLC,0.97,2026-05-29 02:15:27.016493
W2_XL_input_clean_1111.pdf,EmployerStateIdNumber_Line1,361-87-912,0.68,2026-05-29 02:15:27.016508
W2_XL_input_clean_1111.pdf,FederalIncomeTaxWithheld,7577.09,0.78,2026-05-29 02:15:27.016525
W2_XL_input_clean_1111.pdf,FormYear,2010,0.87,2026-05-29 02:15:27.016540
W2_XL_input_clean_1111.pdf,LocalIncomeTax_Line1,11893.38,0.84,2026-05-29 02:15:27.016555
W2_XL_input_clean_1111.pdf,LocalWagesTipsEtc_Line1,64852.26,0.69,2026-05-29 02:15:27.016569
W2_XL_input_clean_1111.pdf,LocalityName_Line1,Schultz Cape,0.87,2026-05-29 02:15:27.016584
W2_XL_input_clean_1111.pdf,MedicareTaxWithheld,2256.25,0.95,2026-05-29 02:15:27.016598
W2_XL_input_clean_1111.pdf,MedicareWagesAndTips,77801.6,0.95,2026-05-29 02:15:27.016613
W2_XL_input_clean_1111.pdf,SSN,712-91-0316,0.98,2026-05-29 02:15:27.016628
W2_XL_input_clean_1111.pdf,SocialSecurityTaxWithheld,4259.68,0.81,2026-05-29 02:15:27.016644
W2_XL_input_clean_1111.pdf,SocialSecurityTips,55682.15,0.98,2026-05-29 02:15:27.016666
W2_XL_input_clean_1111.pdf,SocialSecurityWages,55682.15,0.97,2026-05-29 02:15:27.016686
W2_XL_input_clean_1111.pdf,StateIncomeTax_Line1,2633.16,0.53,2026-05-29 02:15:27.016701
W2_XL_input_clean_1111.pdf,StateWagesTipsEtc_Line1,33676.6,0.36,2026-05-29 02:15:27.016716
W2_XL_input_clean_1111.pdf,State_Line1,WI,0.71,2026-05-29 02:15:27.016731
W2_XL_input_clean_1111.pdf,WagesTipsOtherCompensation,64813.97,0.97,2026-05-29 02:15:27.016746
W2_XL_input_clean_1111.pdf,a_Code,G,0.65,2026-05-29 02:15:27.016762
W2_XL_input_clean_1111.pdf,b_Value,302,0.21,2026-05-29 02:15:27.016778
W2_XL_input_clean_1111.pdf,c_Value,728,0.61,2026-05-29 02:15:27.016794
W2_XL_input_clean_1111.pdf,d_Code,E,0.0,2026-05-29 02:15:27.016810
W2_XL_input_clean_1114.pdf,AllocatedTips,215432.77,0.94,2026-05-29 02:15:42.989014
W2_XL_input_clean_1114.pdf,ControlNumber,8641437,0.9,2026-05-29 02:15:42.989123
W2_XL_input_clean_1114.pdf,DependentCareBenefits,176,0.57,2026-05-29 02:15:42.989158
W2_XL_input_clean_1114.pdf,EIN,03-7372643,0.98,2026-05-29 02:15:42.989186
W2_XL_input_clean_1114.pdf,EmployeeAddress_State,NM,0.04,2026-05-29 02:15:42.989212
W2_XL_input_clean_1114.pdf,EmployeeAddress_StreetAddressOrPostalBox,262 Jeremy Street,0.85,2026-05-29 02:15:42.989273
W2_XL_input_clean_1114.pdf,EmployeeName_FirstName,Lee,0.91,2026-05-29 02:15:42.989303
W2_XL_input_clean_1114.pdf,EmployeeName_LastName,Michael,0.72,2026-05-29 02:15:42.989345
W2_XL_input_clean_1114.pdf,EmployerAddress_City,Amandamouth,0.95,2026-05-29 02:15:42.989386
W2_XL_input_clean_1114.pdf,EmployerAddress_State,NH,0.07,2026-05-29 02:15:42.989423
W2_XL_input_clean_1114.pdf,EmployerAddress_StreetAddressOrPostalBox,7533 Cooper Underpass Suite 795,0.85,2026-05-29 02:15:42.989454
W2_XL_input_clean_1114.pdf,EmployerAddress_Zip,18881,0.85,2026-05-29 02:15:42.989471
W2_XL_input_clean_1114.pdf,EmployerName,"Castro, Sanders and Bryant and Sons",0.94,2026-05-29 02:15:42.989488
W2_XL_input_clean_1114.pdf,FederalIncomeTaxWithheld,56925.83,0.86,2026-05-29 02:15:42.989503
W2_XL_input_clean_1114.pdf,FormYear,2010,0.84,2026-05-29 02:15:42.989519
W2_XL_input_clean_1114.pdf,LocalIncomeTax_Line1,33760.84,0.73,2026-05-29 02:15:42.989534
W2_XL_input_clean_1114.pdf,LocalWagesTipsEtc_Line1,180434.7,0.41,2026-05-29 02:15:42.989549
W2_XL_input_clean_1114.pdf,LocalityName_Line1,Ashley Mountains,0.78,2026-05-29 02:15:42.989565
W2_XL_input_clean_1114.pdf,MedicareTaxWithheld,6247.55,0.93,2026-05-29 02:15:42.989580
W2_XL_input_clean_1114.pdf,MedicareWagesAndTips,215432.77,0.95,2026-05-29 02:15:42.989603
W2_XL_input_clean_1114.pdf,NonqualifiedPlans,246,0.08,2026-05-29 02:15:42.989618
W2_XL_input_clean_1114.pdf,SSN,834-82-6236,0.97,2026-05-29 02:15:42.989634
W2_XL_input_clean_1114.pdf,SocialSecurityTaxWithheld,13495.02,0.9,2026-05-29 02:15:42.989649
W2_XL_input_clean_1114.pdf,SocialSecurityTips,176405.48,0.96,2026-05-29 02:15:42.989708
W2_XL_input_clean_1114.pdf,SocialSecurityWages,176405.48,0.94,2026-05-29 02:15:42.989727
W2_XL_input_clean_1114.pdf,StateIncomeTax_Line1,6547.83,0.55,2026-05-29 02:15:42.989743
W2_XL_input_clean_1114.pdf,StateWagesTipsEtc_Line1,105711.84,0.34,2026-05-29 02:15:42.989758
W2_XL_input_clean_1114.pdf,State_Line1,TX,0.76,2026-05-29 02:15:42.989773
W2_XL_input_clean_1114.pdf,WagesTipsOtherCompensation,213171.39,0.96,2026-05-29 02:15:42.989811
W2_XL_input_clean_1114.pdf,a_Value,9223,0.76,2026-05-29 02:15:42.989825
W2_XL_input_clean_1114.pdf,b_Code,E,0.71,2026-05-29 02:15:42.989841
W2_XL_input_clean_1114.pdf,c_Code,E,0.46,2026-05-29 02:15:42.989858
W2_XL_input_clean_1114.pdf,c_Value,145,0.11,2026-05-29 02:15:42.989873
W2_XL_input_clean_1114.pdf,d_Code,P,0.0,2026-05-29 02:15:42.989890
W2_XL_input_clean_1119.pdf,AllocatedTips,40427.92,0.68,2026-05-29 02:15:55.400402
W2_XL_input_clean_1119.pdf,ControlNumber,8569545,0.91,2026-05-29 02:15:55.400448
W2_XL_input_clean_1119.pdf,DependentCareBenefits,224,0.59,2026-05-29 02:15:55.400466
W2_XL_input_clean_1119.pdf,EIN,80-6012027,0.98,2026-05-29 02:15:55.400483
W2_XL_input_clean_1119.pdf,EmployeeAddress_City,Simmonsberg,0.78,2026-05-29 02:15:55.400498
W2_XL_input_clean_1119.pdf,EmployeeAddress_State,RI,0.04,2026-05-29 02:15:55.400514
W2_XL_input_clean_1119.pdf,EmployeeAddress_StreetAddressOrPostalBox,0482 Jenna Street Suite 862,0.85,2026-05-29 02:15:55.400529
W2_XL_input_clean_1119.pdf,EmployeeAddress_Zip,44511,0.81,2026-05-29 02:15:55.400544
W2_XL_input_clean_1119.pdf,EmployeeName_FirstName,Martin,0.87,2026-05-29 02:15:55.400562
W2_XL_input_clean_1119.pdf,EmployeeName_LastName,Becker,0.97,2026-05-29 02:15:55.400577
W2_XL_input_clean_1119.pdf,EmployerAddress_City,West Andrew,0.91,2026-05-29 02:15:55.400592
W2_XL_input_clean_1119.pdf,EmployerAddress_State,VT,0.07,2026-05-29 02:15:55.400607
W2_XL_input_clean_1119.pdf,EmployerAddress_StreetAddressOrPostalBox,440 April Mall Apt. 644,0.88,2026-05-29 02:15:55.400622
W2_XL_input_clean_1119.pdf,EmployerName,"George, Joseph and Acevedo LLC",0.98,2026-05-29 02:15:55.400637
W2_XL_input_clean_1119.pdf,FederalIncomeTaxWithheld,16037.48,0.97,2026-05-29 02:15:55.400652
W2_XL_input_clean_1119.pdf,FormYear,2010,0.87,2026-05-29 02:15:55.400668
W2_XL_input_clean_1119.pdf,LocalIncomeTax_Line1,6149.35,0.67,2026-05-29 02:15:55.400682
W2_XL_input_clean_1119.pdf,LocalWagesTipsEtc_Line1,45507.91,0.38,2026-05-29 02:15:55.400697
W2_XL_input_clean_1119.pdf,LocalityName_Line1,Lindsey Parkways,0.78,2026-05-29 02:15:55.400711
W2_XL_input_clean_1119.pdf,MedicareTaxWithheld,1172.41,0.96,2026-05-29 02:15:55.400727
W2_XL_input_clean_1119.pdf,MedicareWagesAndTips,40427.92,0.96,2026-05-29 02:15:55.400800
W2_XL_input_clean_1119.pdf,NonqualifiedPlans,151,0.09,2026-05-29 02:15:55.400828
W2_XL_input_clean_1119.pdf,SSN,420-83-7336,0.99,2026-05-29 02:15:55.400845
W2_XL_input_clean_1119.pdf,SocialSecurityTaxWithheld,4106.86,0.96,2026-05-29 02:15:55.400860
W2_XL_input_clean_1119.pdf,SocialSecurityTips,53684.46,0.96,2026-05-29 02:15:55.400875
W2_XL_input_clean_1119.pdf,SocialSecurityWages,53684.46,0.97,2026-05-29 02:15:55.400889
W2_XL_input_clean_1119.pdf,StateIncomeTax_Line1,1954.86,0.32,2026-05-29 02:15:55.400915
W2_XL_input_clean_1119.pdf,State_Line1,GA,0.32,2026-05-29 02:15:55.400930
W2_XL_input_clean_1119.pdf,WagesTipsOtherCompensation,43904.69,0.97,2026-05-29 02:15:55.400944
W2_XL_input_clean_1119.pdf,a_Code,G,0.69,2026-05-29 02:15:55.400960
W2_XL_input_clean_1119.pdf,a_Value,7385,0.07,2026-05-29 02:15:55.400983
W2_XL_input_clean_1119.pdf,c_Code,E,0.04,2026-05-29 02:15:55.400999
W2_XL_input_clean_1016.pdf,AllocatedTips,123417.38,0.94,2026-05-29 02:16:07.124598
W2_XL_input_clean_1016.pdf,ControlNumber,5614245,0.92,2026-05-29 02:16:07.124690
W2_XL_input_clean_1016.pdf,DependentCareBenefits,234,0.72,2026-05-29 02:16:07.124720
W2_XL_input_clean_1016.pdf,EIN,42-1580203,0.98,2026-05-29 02:16:07.124746
W2_XL_input_clean_1016.pdf,EmployeeAddress_City,Chadfort,0.92,2026-05-29 02:16:07.124774
W2_XL_input_clean_1016.pdf,EmployeeAddress_State,ND,0.07,2026-05-29 02:16:07.124798
W2_XL_input_clean_1016.pdf,EmployeeAddress_StreetAddressOrPostalBox,73200 Tammy Bridge Apt. 560,0.61,2026-05-29 02:16:07.124821
W2_XL_input_clean_1016.pdf,EmployeeName_FirstName,Laura,0.95,2026-05-29 02:16:07.124860
W2_XL_input_clean_1016.pdf,EmployeeName_LastName,Daniel,0.93,2026-05-29 02:16:07.124901
W2_XL_input_clean_1016.pdf,EmployerAddress_City,Rubiotown,0.87,2026-05-29 02:16:07.124937
W2_XL_input_clean_1016.pdf,EmployerAddress_State,IN,0.07,2026-05-29 02:16:07.124974
W2_XL_input_clean_1016.pdf,EmployerAddress_StreetAddressOrPostalBox,706 Cook Island Apt. 840,0.73,2026-05-29 02:16:07.124992
W2_XL_input_clean_1016.pdf,EmployerName,Jones-Jones Group,0.95,2026-05-29 02:16:07.125015
W2_XL_input_clean_1016.pdf,EmployerStateIdNumber_Line1,328-54-651,0.71,2026-05-29 02:16:07.125031
W2_XL_input_clean_1016.pdf,FederalIncomeTaxWithheld,28250.59,0.96,2026-05-29 02:16:07.125047
W2_XL_input_clean_1016.pdf,FormYear,2010,0.9,2026-05-29 02:16:07.125063
W2_XL_input_clean_1016.pdf,LocalIncomeTax_Line1,21665.12,0.85,2026-05-29 02:16:07.125078
W2_XL_input_clean_1016.pdf,LocalWagesTipsEtc_Line1,126534.91,0.81,2026-05-29 02:16:07.125093
W2_XL_input_clean_1016.pdf,LocalityName_Line1,Emily Harbor,0.69,2026-05-29 02:16:07.125107
W2_XL_input_clean_1016.pdf,MedicareTaxWithheld,3579.1,0.96,2026-05-29 02:16:07.125122
W2_XL_input_clean_1016.pdf,MedicareWagesAndTips,123417.38,0.95,2026-05-29 02:16:07.125137
W2_XL_input_clean_1016.pdf,SSN,051-22-2256,0.96,2026-05-29 02:16:07.125152
W2_XL_input_clean_1016.pdf,SocialSecurityTaxWithheld,9164.5,0.96,2026-05-29 02:16:07.125167
W2_XL_input_clean_1016.pdf,SocialSecurityTips,119797.41,0.97,2026-05-29 02:16:07.125182
W2_XL_input_clean_1016.pdf,SocialSecurityWages,119797.41,0.94,2026-05-29 02:16:07.125197
W2_XL_input_clean_1016.pdf,StateIncomeTax_Line1,6923.11,0.66,2026-05-29 02:16:07.125212
W2_XL_input_clean_1016.pdf,StateWagesTipsEtc_Line1,56466.68,0.61,2026-05-29 02:16:07.125282
W2_XL_input_clean_1016.pdf,State_Line1,CA,0.8,2026-05-29 02:16:07.125330
W2_XL_input_clean_1016.pdf,WagesTipsOtherCompensation,113671.47,0.96,2026-05-29 02:16:07.125390
W2_XL_input_clean_1016.pdf,a_Value,8724,0.63,2026-05-29 02:16:07.125425
W2_XL_input_clean_1016.pdf,b_Code,G,0.76,2026-05-29 02:16:07.125460
W2_XL_input_clean_1016.pdf,c_Code,D,0.47,2026-05-29 02:16:07.125477
W2_XL_input_clean_1016.pdf,c_Value,697,0.38,2026-05-29 02:16:07.125494
W2_XL_input_clean_1016.pdf,d_Code,G,1.0,2026-05-29 02:16:07.125514
W2_XL_input_clean_1279.pdf,AllocatedTips,105874.52,0.75,2026-05-29 02:16:18.136548
W2_XL_input_clean_1279.pdf,ControlNumber,9134344,0.65,2026-05-29 02:16:18.136647
W2_XL_input_clean_1279.pdf,DependentCareBenefits,130,0.68,2026-05-29 02:16:18.136711
W2_XL_input_clean_1279.pdf,EIN,91-1320011,0.99,2026-05-29 02:16:18.136740
W2_XL_input_clean_1279.pdf,EmployeeAddress_City,Beasleyside,0.84,2026-05-29 02:16:18.136764
W2_XL_input_clean_1279.pdf,EmployeeAddress_State,NH,0.01,2026-05-29 02:16:18.136804
W2_XL_input_clean_1279.pdf,EmployeeAddress_StreetAddressOrPostalBox,652 Ch,0.49,2026-05-29 02:16:18.136844
W2_XL_input_clean_1279.pdf,EmployeeName_FirstName,James,0.75,2026-05-29 02:16:18.136882
W2_XL_input_clean_1279.pdf,EmployerAddress_City,West Alexandriaport,0.52,2026-05-29 02:16:18.136919
W2_XL_input_clean_1279.pdf,EmployerAddress_State,WV,0.07,2026-05-29 02:16:18.136936
W2_XL_input_clean_1279.pdf,EmployerAddress_StreetAddressOrPostalBox,6109 Russell Shoals Suite 426,0.75,2026-05-29 02:16:18.136953
W2_XL_input_clean_1279.pdf,EmployerName,Pruitt and Sons LLC,0.97,2026-05-29 02:16:18.136969
W2_XL_input_clean_1279.pdf,EmployerStateIdNumber_Line1,156-92-654,0.67,2026-05-29 02:16:18.136984
W2_XL_input_clean_1279.pdf,FederalIncomeTaxWithheld,28601.76,0.59,2026-05-29 02:16:18.136999
W2_XL_input_clean_1279.pdf,FormYear,2010,0.86,2026-05-29 02:16:18.137014
W2_XL_input_clean_1279.pdf,LocalIncomeTax_Line1,11682.75,0.87,2026-05-29 02:16:18.137029
W2_XL_input_clean_1279.pdf,LocalWagesTipsEtc_Line1,61928.53,0.76,2026-05-29 02:16:18.137045
W2_XL_input_clean_1279.pdf,LocalityName_Line1,Oliver Road,0.73,2026-05-29 02:16:18.137060
W2_XL_input_clean_1279.pdf,MedicareTaxWithheld,3070.36,0.96,2026-05-29 02:16:18.137075
W2_XL_input_clean_1279.pdf,MedicareWagesAndTips,105874.52,0.96,2026-05-29 02:16:18.137090
W2_XL_input_clean_1279.pdf,SSN,399-40-6859,0.98,2026-05-29 02:16:18.137104
W2_XL_input_clean_1279.pdf,SocialSecurityTips,74517.27,0.99,2026-05-29 02:16:18.137118
W2_XL_input_clean_1279.pdf,SocialSecurityWages,74517.27,0.98,2026-05-29 02:16:18.137133
W2_XL_input_clean_1279.pdf,StateIncomeTax_Line1,4272.74,0.68,2026-05-29 02:16:18.137147
W2_XL_input_clean_1279.pdf,StateWagesTipsEtc_Line1,36916.45,0.66,2026-05-29 02:16:18.137162
W2_XL_input_clean_1279.pdf,State_Line1,DC,0.96,2026-05-29 02:16:18.137178
W2_XL_input_clean_1279.pdf,WagesTipsOtherCompensation,81886.69,0.97,2026-05-29 02:16:18.137334
W2_XL_input_clean_1279.pdf,c_Value,569,0.42,2026-05-29 02:16:18.137385
W2_XL_input_clean_1183.pdf,AllocatedTips,138732.62,0.94,2026-05-29 02:16:28.419107
W2_XL_input_clean_1183.pdf,ControlNumber,1232586,0.86,2026-05-29 02:16:28.419172
W2_XL_input_clean_1183.pdf,DependentCareBenefits,220,0.76,2026-05-29 02:16:28.419199
W2_XL_input_clean_1183.pdf,EIN,92-4094670,0.99,2026-05-29 02:16:28.419224
W2_XL_input_clean_1183.pdf,EmployeeAddress_City,Rebeccaberg,0.66,2026-05-29 02:16:28.419279
W2_XL_input_clean_1183.pdf,EmployeeAddress_State,ID,0.04,2026-05-29 02:16:28.419304
W2_XL_input_clean_1183.pdf,EmployeeAddress_StreetAddressOrPostalBox,4581 Mary Manor Apt. 944,0.72,2026-05-29 02:16:28.419335
W2_XL_input_clean_1183.pdf,EmployeeName_FirstName,Michael,0.9,2026-05-29 02:16:28.419376
W2_XL_input_clean_1183.pdf,EmployeeName_LastName,Hampton,0.93,2026-05-29 02:16:28.419429
W2_XL_input_clean_1183.pdf,EmployerAddress_City,Lake Joseph,0.89,2026-05-29 02:16:28.419465
W2_XL_input_clean_1183.pdf,EmployerAddress_State,NJ,0.07,2026-05-29 02:16:28.419483
W2_XL_input_clean_1183.pdf,EmployerAddress_StreetAddressOrPostalBox,924 Fitzgerald Alley,0.91,2026-05-29 02:16:28.419502
W2_XL_input_clean_1183.pdf,EmployerName,"Burton, Peters and Mitchell Group",0.97,2026-05-29 02:16:28.419518
W2_XL_input_clean_1183.pdf,EmployerStateIdNumber_Line1,260-88-462,0.17,2026-05-29 02:16:28.419533
W2_XL_input_clean_1183.pdf,FederalIncomeTaxWithheld,63453.52,0.97,2026-05-29 02:16:28.419547
W2_XL_input_clean_1183.pdf,FormYear,2010,0.79,2026-05-29 02:16:28.419562
W2_XL_input_clean_1183.pdf,LocalWagesTipsEtc_Line1,212645.3,0.1,2026-05-29 02:16:28.419576
W2_XL_input_clean_1183.pdf,LocalityName_Line1,Christopher Fork,0.6,2026-05-29 02:16:28.419591
W2_XL_input_clean_1183.pdf,MedicareTaxWithheld,4023.25,0.96,2026-05-29 02:16:28.419606
W2_XL_input_clean_1183.pdf,MedicareWagesAndTips,138732.62,0.98,2026-05-29 02:16:28.419620
W2_XL_input_clean_1183.pdf,SSN,354-26-5152,0.99,2026-05-29 02:16:28.419635
W2_XL_input_clean_1183.pdf,SocialSecurityTaxWithheld,12394.63,0.81,2026-05-29 02:16:28.419650
W2_XL_input_clean_1183.pdf,SocialSecurityTips,162021.27,0.99,2026-05-29 02:16:28.419665
W2_XL_input_clean_1183.pdf,SocialSecurityWages,162021.27,0.98,2026-05-29 02:16:28.419680
W2_XL_input_clean_1183.pdf,StateIncomeTax_Line1,4379.79,0.2,2026-05-29 02:16:28.419694
W2_XL_input_clean_1183.pdf,StateWagesTipsEtc_Line1,0.38,0.0,2026-05-29 02:16:28.419709
W2_XL_input_clean_1183.pdf,State_Line1,VT,0.86,2026-05-29 02:16:28.419724
W2_XL_input_clean_1183.pdf,WagesTipsOtherCompensation,183862.68,0.98,2026-05-29 02:16:28.419738
W2_XL_input_clean_1183.pdf,a_Value,1619,0.37,2026-05-29 02:16:28.419753
W2_XL_input_clean_1183.pdf,b_Code,G,0.12,2026-05-29 02:16:28.419768
W2_XL_input_clean_1174.pdf,AllocatedTips,102892.86,0.88,2026-05-29 02:16:40.433671
W2_XL_input_clean_1174.pdf,ControlNumber,1303312,0.87,2026-05-29 02:16:40.433753
W2_XL_input_clean_1174.pdf,DependentCareBenefits,155,0.35,2026-05-29 02:16:40.433789
W2_XL_input_clean_1174.pdf,EIN,51-0291196,0.99,2026-05-29 02:16:40.433807
W2_XL_input_clean_1174.pdf,EmployeeAddress_City,New Davidmouth,0.77,2026-05-29 02:16:40.433823
W2_XL_input_clean_1174.pdf,EmployeeAddress_State,TX,0.05,2026-05-29 02:16:40.433838
W2_XL_input_clean_1174.pdf,EmployeeAddress_StreetAddressOrPostalBox,8365 Katherine Grove Ap,0.64,2026-05-29 02:16:40.433853
W2_XL_input_clean_1174.pdf,EmployeeName_FirstName,Christian,0.93,2026-05-29 02:16:40.433869
W2_XL_input_clean_1174.pdf,EmployeeName_LastName,Armstrong,0.85,2026-05-29 02:16:40.433884
W2_XL_input_clean_1174.pdf,EmployerAddress_City,Kristin,0.48,2026-05-29 02:16:40.433899
W2_XL_input_clean_1174.pdf,EmployerAddress_State,KY,0.07,2026-05-29 02:16:40.433914
W2_XL_input_clean_1174.pdf,EmployerAddress_StreetAddressOrPostalBox,18432 Adrienne Crescent Suite 717,0.14,2026-05-29 02:16:40.433928
W2_XL_input_clean_1174.pdf,EmployerName,"Hoffman, Clark and Glenn Ltd",0.92,2026-05-29 02:16:40.433981
W2_XL_input_clean_1174.pdf,EmployerStateIdNumber_Line1,943-05-924,0.57,2026-05-29 02:16:40.434017
W2_XL_input_clean_1174.pdf,FederalIncomeTaxWithheld,14042.64,0.89,2026-05-29 02:16:40.434034
W2_XL_input_clean_1174.pdf,FormYear,2010,0.8,2026-05-29 02:16:40.434049
W2_XL_input_clean_1174.pdf,LocalIncomeTax_Line1,14844,0.59,2026-05-29 02:16:40.434064
W2_XL_input_clean_1174.pdf,LocalWagesTipsEtc_Line1,89224.43,0.45,2026-05-29 02:16:40.434078
W2_XL_input_clean_1174.pdf,MedicareTaxWithheld,2983.89,0.96,2026-05-29 02:16:40.434093
W2_XL_input_clean_1174.pdf,MedicareWagesAndTips,102892.86,0.96,2026-05-29 02:16:40.434108
W2_XL_input_clean_1174.pdf,SSN,373-85-0443,0.99,2026-05-29 02:16:40.434123
W2_XL_input_clean_1174.pdf,SocialSecurityTaxWithheld,7023.3,0.94,2026-05-29 02:16:40.434137
W2_XL_input_clean_1174.pdf,SocialSecurityTips,91807.86,0.98,2026-05-29 02:16:40.434162
W2_XL_input_clean_1174.pdf,SocialSecurityWages,91807.86,0.97,2026-05-29 02:16:40.434184
W2_XL_input_clean_1174.pdf,StateIncomeTax_Line1,3700.76,0.43,2026-05-29 02:16:40.434199
W2_XL_input_clean_1174.pdf,StateWagesTipsEtc_Line1,46157.16,0.51,2026-05-29 02:16:40.434214
W2_XL_input_clean_1174.pdf,State_Line1,MT,0.9,2026-05-29 02:16:40.434247
W2_XL_input_clean_1174.pdf,WagesTipsOtherCompensation,85364.78,0.98,2026-05-29 02:16:40.434262
W2_XL_input_clean_1174.pdf,a_Code,G,0.71,2026-05-29 02:16:40.434397
W2_XL_input_clean_1174.pdf,a_Value,3197,0.11,2026-05-29 02:16:40.434426
W2_XL_input_clean_1174.pdf,b_Value,712,0.25,2026-05-29 02:16:40.434442
W2_XL_input_clean_1174.pdf,c_Code,D,0.17,2026-05-29 02:16:40.434457
W2_XL_input_clean_1174.pdf,c_Value,318,0.22,2026-05-29 02:16:40.434472
W2_XL_input_clean_1015.pdf,AllocatedTips,84120.42,0.97,2026-05-29 02:16:57.503279
W2_XL_input_clean_1015.pdf,ControlNumber,2302462,0.8,2026-05-29 02:16:57.503360
W2_XL_input_clean_1015.pdf,DependentCareBenefits,281,0.71,2026-05-29 02:16:57.503390
W2_XL_input_clean_1015.pdf,EIN,63-3760542,0.99,2026-05-29 02:16:57.503416
W2_XL_input_clean_1015.pdf,EmployeeAddress_City,East Lisa,0.9,2026-05-29 02:16:57.503441
W2_XL_input_clean_1015.pdf,EmployeeAddress_State,UT,0.08,2026-05-29 02:16:57.503465
W2_XL_input_clean_1015.pdf,EmployeeAddress_StreetAddressOrPostalBox,672 Brian Common Suite 123,0.7,2026-05-29 02:16:57.503488
W2_XL_input_clean_1015.pdf,EmployeeAddress_Zip,55739,0.82,2026-05-29 02:16:57.503528
W2_XL_input_clean_1015.pdf,EmployeeName_FirstName,Aaron,0.94,2026-05-29 02:16:57.503568
W2_XL_input_clean_1015.pdf,EmployeeName_LastName,Swanson,0.91,2026-05-29 02:16:57.503604
W2_XL_input_clean_1015.pdf,EmployerAddress_City,Port Christianberg,0.71,2026-05-29 02:16:57.503648
W2_XL_input_clean_1015.pdf,EmployerAddress_State,KS,0.07,2026-05-29 02:16:57.503666
W2_XL_input_clean_1015.pdf,EmployerAddress_StreetAddressOrPostalBox,84831 Hill Centers Apt. 984,0.9,2026-05-29 02:16:57.503719
W2_XL_input_clean_1015.pdf,EmployerAddress_Zip,62700,0.81,2026-05-29 02:16:57.503765
W2_XL_input_clean_1015.pdf,EmployerName,Douglas LLC Ltd,0.97,2026-05-29 02:16:57.503801
W2_XL_input_clean_1015.pdf,EmployerStateIdNumber_Line1,853-09-125,0.29,2026-05-29 02:16:57.503819
W2_XL_input_clean_1015.pdf,FederalIncomeTaxWithheld,32659.11,0.96,2026-05-29 02:16:57.503835
W2_XL_input_clean_1015.pdf,FormYear,2010,0.82,2026-05-29 02:16:57.503850
W2_XL_input_clean_1015.pdf,LocalIncomeTax_Line1,18355.39,0.79,2026-05-29 02:16:57.503865
W2_XL_input_clean_1015.pdf,LocalWagesTipsEtc_Line1,67357.24,0.43,2026-05-29 02:16:57.503880
W2_XL_input_clean_1015.pdf,LocalityName_Line1,Katherine Manors,0.78,2026-05-29 02:16:57.503895
W2_XL_input_clean_1015.pdf,MedicareTaxWithheld,2439.49,0.97,2026-05-29 02:16:57.503909
W2_XL_input_clean_1015.pdf,MedicareWagesAndTips,84120.42,0.95,2026-05-29 02:16:57.503924
W2_XL_input_clean_1015.pdf,SSN,466-91-3126,0.97,2026-05-29 02:16:57.503939
W2_XL_input_clean_1015.pdf,SocialSecurityTaxWithheld,5221.03,0.97,2026-05-29 02:16:57.503954
W2_XL_input_clean_1015.pdf,SocialSecurityTips,68248.81,0.91,2026-05-29 02:16:57.503968
W2_XL_input_clean_1015.pdf,SocialSecurityWages,68248.81,0.94,2026-05-29 02:16:57.503983
W2_XL_input_clean_1015.pdf,StateIncomeTax_Line1,3933.42,0.26,2026-05-29 02:16:57.503997
W2_XL_input_clean_1015.pdf,StateWagesTipsEtc_Line1,4.64,0.0,2026-05-29 02:16:57.504012
W2_XL_input_clean_1015.pdf,State_Line1,NV,0.8,2026-05-29 02:16:57.504027
W2_XL_input_clean_1015.pdf,WagesTipsOtherCompensation,94560.78,0.77,2026-05-29 02:16:57.504041
W2_XL_input_clean_1015.pdf,b_Value,843,0.38,2026-05-29 02:16:57.504055
W2_XL_input_clean_1015.pdf,c_Code,E,0.42,2026-05-29 02:16:57.504070
W2_XL_input_clean_1015.pdf,c_Value,894,0.33,2026-05-29 02:16:57.504085
W2_XL_input_clean_1047.pdf,AllocatedTips,236801.07,0.93,2026-05-29 02:17:11.085794
W2_XL_input_clean_1047.pdf,ControlNumber,6595933,0.78,2026-05-29 02:17:11.085881
W2_XL_input_clean_1047.pdf,DependentCareBenefits,195,0.2,2026-05-29 02:17:11.085915
W2_XL_input_clean_1047.pdf,EIN,76-6996539,0.99,2026-05-29 02:17:11.085956
W2_XL_input_clean_1047.pdf,EmployeeAddress_City,Ginabury,0.65,2026-05-29 02:17:11.085981
W2_XL_input_clean_1047.pdf,EmployeeAddress_State,MD,0.02,2026-05-29 02:17:11.086017
W2_XL_input_clean_1047.pdf,EmployeeAddress_StreetAddressOrPostalBox,56348 Ochoa,0.37,2026-05-29 02:17:11.086044
W2_XL_input_clean_1047.pdf,EmployeeName_FirstName,Theresa,0.88,2026-05-29 02:17:11.086070
W2_XL_input_clean_1047.pdf,EmployeeName_LastName,Benson,0.86,2026-05-29 02:17:11.086130
W2_XL_input_clean_1047.pdf,EmployerAddress_City,Amyborough,0.9,2026-05-29 02:17:11.086171
W2_XL_input_clean_1047.pdf,EmployerAddress_State,GA,0.07,2026-05-29 02:17:11.086203
W2_XL_input_clean_1047.pdf,EmployerAddress_StreetAddressOrPostalBox,6147 Rodriguez Walks,0.86,2026-05-29 02:17:11.086277
W2_XL_input_clean_1047.pdf,EmployerName,Dominguez PLC Inc,0.97,2026-05-29 02:17:11.086305
W2_XL_input_clean_1047.pdf,EmployerStateIdNumber_Line1,982-11-893,0.21,2026-05-29 02:17:11.086322
W2_XL_input_clean_1047.pdf,FederalIncomeTaxWithheld,51816.32,0.91,2026-05-29 02:17:11.086338
W2_XL_input_clean_1047.pdf,FormYear,2010,0.75,2026-05-29 02:17:11.086353
W2_XL_input_clean_1047.pdf,LocalIncomeTax_Line1,31434,0.64,2026-05-29 02:17:11.086369
W2_XL_input_clean_1047.pdf,LocalWagesTipsEtc_Line1,249354.76,0.37,2026-05-29 02:17:11.086384
W2_XL_input_clean_1047.pdf,LocalityName_Line1,Clark Point,0.66,2026-05-29 02:17:11.086398
W2_XL_input_clean_1047.pdf,MedicareTaxWithheld,6867.23,0.95,2026-05-29 02:17:11.086439
W2_XL_input_clean_1047.pdf,MedicareWagesAndTips,236801.07,0.97,2026-05-29 02:17:11.086468
W2_XL_input_clean_1047.pdf,NonqualifiedPlans,177,0.04,2026-05-29 02:17:11.086484
W2_XL_input_clean_1047.pdf,SSN,661-07-8943,0.98,2026-05-29 02:17:11.086503
W2_XL_input_clean_1047.pdf,SocialSecurityTaxWithheld,19900.68,0.81,2026-05-29 02:17:11.086518
W2_XL_input_clean_1047.pdf,SocialSecurityTips,260139.66,0.97,2026-05-29 02:17:11.086534
W2_XL_input_clean_1047.pdf,SocialSecurityWages,260139.66,0.97,2026-05-29 02:17:11.086548
W2_XL_input_clean_1047.pdf,StateIncomeTax_Line1,10241.15,0.51,2026-05-29 02:17:11.086563
W2_XL_input_clean_1047.pdf,StateWagesTipsEtc_Line1,103385.48,0.23,2026-05-29 02:17:11.086578
W2_XL_input_clean_1047.pdf,State_Line1,NV,0.72,2026-05-29 02:17:11.086593
W2_XL_input_clean_1047.pdf,WagesTipsOtherCompensation,215823.29,0.97,2026-05-29 02:17:11.086609
W2_XL_input_clean_1047.pdf,a_Value,4479,0.4,2026-05-29 02:17:11.086623
W2_XL_input_clean_1047.pdf,c_Code,G,0.05,2026-05-29 02:17:11.086638
W2_XL_input_clean_1047.pdf,c_Value,587,0.21,2026-05-29 02:17:11.086653
W2_XL_input_clean_1377.pdf,AllocatedTips,71948.48,0.96,2026-05-29 02:17:23.040819
W2_XL_input_clean_1377.pdf,ControlNumber,2724255,0.82,2026-05-29 02:17:23.040889
W2_XL_input_clean_1377.pdf,DependentCareBenefits,194,0.46,2026-05-29 02:17:23.040920
W2_XL_input_clean_1377.pdf,EIN,60-1723361,0.97,2026-05-29 02:17:23.040937
W2_XL_input_clean_1377.pdf,EmployeeAddress_City,Jimenezberg,0.75,2026-05-29 02:17:23.040952
W2_XL_input_clean_1377.pdf,EmployeeAddress_State,CO,0.04,2026-05-29 02:17:23.040968
W2_XL_input_clean_1377.pdf,EmployeeAddress_StreetAddressOrPostalBox,868 Thompson Neck Apt. 762,0.68,2026-05-29 02:17:23.040983
W2_XL_input_clean_1377.pdf,EmployeeName_FirstName,Michael,0.93,2026-05-29 02:17:23.040999
W2_XL_input_clean_1377.pdf,EmployeeName_LastName,Francis,0.86,2026-05-29 02:17:23.041014
W2_XL_input_clean_1377.pdf,EmployerAddress_City,Catherineland,0.94,2026-05-29 02:17:23.041056
W2_XL_input_clean_1377.pdf,EmployerAddress_State,NC,0.07,2026-05-29 02:17:23.041093
W2_XL_input_clean_1377.pdf,EmployerAddress_StreetAddressOrPostalBox,56746 Shane Forge Suite 085,0.8,2026-05-29 02:17:23.041116
W2_XL_input_clean_1377.pdf,EmployerAddress_Zip,78149,0.81,2026-05-29 02:17:23.041132
W2_XL_input_clean_1377.pdf,EmployerName,"Neal, Jones and Mejia Inc",0.96,2026-05-29 02:17:23.041147
W2_XL_input_clean_1377.pdf,EmployerStateIdNumber_Line1,265-09-650,0.29,2026-05-29 02:17:23.041162
W2_XL_input_clean_1377.pdf,FederalIncomeTaxWithheld,11879.35,0.95,2026-05-29 02:17:23.041184
W2_XL_input_clean_1377.pdf,FormYear,2010,0.74,2026-05-29 02:17:23.041199
W2_XL_input_clean_1377.pdf,LocalWagesTipsEtc_Line1,112703.86,0.31,2026-05-29 02:17:23.041214
W2_XL_input_clean_1377.pdf,LocalityName_Line1,Chase Hills,0.48,2026-05-29 02:17:23.041245
W2_XL_input_clean_1377.pdf,MedicareTaxWithheld,2086.51,0.95,2026-05-29 02:17:23.041260
W2_XL_input_clean_1377.pdf,MedicareWagesAndTips,71948.48,0.96,2026-05-29 02:17:23.041275
W2_XL_input_clean_1377.pdf,SSN,248-55-3211,0.96,2026-05-29 02:17:23.041289
W2_XL_input_clean_1377.pdf,SocialSecurityTaxWithheld,7712.7,0.89,2026-05-29 02:17:23.041304
W2_XL_input_clean_1377.pdf,SocialSecurityTips,100819.65,0.99,2026-05-29 02:17:23.041319
W2_XL_input_clean_1377.pdf,SocialSecurityWages,100819.65,0.97,2026-05-29 02:17:23.041333
W2_XL_input_clean_1377.pdf,StateIncomeTax_Line1,1973.6,0.34,2026-05-29 02:17:23.041348
W2_XL_input_clean_1377.pdf,StateWagesTipsEtc_Line1,46243.89,0.17,2026-05-29 02:17:23.041375
W2_XL_input_clean_1377.pdf,State_Line1,NM,0.5,2026-05-29 02:17:23.041390
W2_XL_input_clean_1377.pdf,WagesTipsOtherCompensation,88169.11,0.97,2026-05-29 02:17:23.041405
W2_XL_input_clean_1377.pdf,a_Value,2166,0.57,2026-05-29 02:17:23.041421
W2_XL_input_clean_1377.pdf,b_Code,E,0.13,2026-05-29 02:17:23.041436
W2_XL_input_clean_1377.pdf,c_Code,G,0.09,2026-05-29 02:17:23.041452
W2_XL_input_clean_1377.pdf,c_Value,516,0.13,2026-05-29 02:17:23.041467
W2_XL_input_clean_1012.pdf,AllocatedTips,63120.83,0.85,2026-05-29 02:18:35.155648
W2_XL_input_clean_1012.pdf,ControlNumber,3674217,0.92,2026-05-29 02:18:35.155698
W2_XL_input_clean_1012.pdf,DependentCareBenefits,110,0.63,2026-05-29 02:18:35.155717
W2_XL_input_clean_1012.pdf,EIN,91-4181453,0.99,2026-05-29 02:18:35.155734
W2_XL_input_clean_1012.pdf,EmployeeAddress_City,South Robert,0.76,2026-05-29 02:18:35.155750
W2_XL_input_clean_1012.pdf,EmployeeAddress_State,MD,0.06,2026-05-29 02:18:35.155766
W2_XL_input_clean_1012.pdf,EmployeeAddress_StreetAddressOrPostalBox,68390 Blackwell Drive,0.7,2026-05-29 02:18:35.155783
W2_XL_input_clean_1012.pdf,EmployeeName_FirstName,Joseph,0.98,2026-05-29 02:18:35.155798
W2_XL_input_clean_1012.pdf,EmployeeName_LastName,Miller,0.97,2026-05-29 02:18:35.155813
W2_XL_input_clean_1012.pdf,EmployerAddress_City,Jessicastad,0.93,2026-05-29 02:18:35.155829
W2_XL_input_clean_1012.pdf,EmployerAddress_State,MA,0.07,2026-05-29 02:18:35.155844
W2_XL_input_clean_1012.pdf,EmployerAddress_StreetAddressOrPostalBox,5154 Amanda Station Suite 315,0.87,2026-05-29 02:18:35.155859
W2_XL_input_clean_1012.pdf,EmployerAddress_Zip,10423,0.95,2026-05-29 02:18:35.155874
W2_XL_input_clean_1012.pdf,EmployerName,Mitchell-Price Ltd,0.97,2026-05-29 02:18:35.155889
W2_XL_input_clean_1012.pdf,EmployerStateIdNumber_Line1,323-54-979,0.59,2026-05-29 02:18:35.155904
W2_XL_input_clean_1012.pdf,FederalIncomeTaxWithheld,9384.61,0.95,2026-05-29 02:18:35.155919
W2_XL_input_clean_1012.pdf,FormYear,2010,0.81,2026-05-29 02:18:35.155934
W2_XL_input_clean_1012.pdf,LocalIncomeTax_Line1,6826.99,0.82,2026-05-29 02:18:35.155949
W2_XL_input_clean_1012.pdf,LocalWagesTipsEtc_Line1,49076.8,0.77,2026-05-29 02:18:35.155963
W2_XL_input_clean_1012.pdf,LocalityName_Line1,Cameron Lakes,0.84,2026-05-29 02:18:35.155978
W2_XL_input_clean_1012.pdf,MedicareTaxWithheld,1830.5,0.97,2026-05-29 02:18:35.155993
W2_XL_input_clean_1012.pdf,MedicareWagesAndTips,63120.83,0.96,2026-05-29 02:18:35.156061
W2_XL_input_clean_1012.pdf,SSN,246-23-8883,0.99,2026-05-29 02:18:35.156089
W2_XL_input_clean_1012.pdf,SocialSecurityTaxWithheld,4371.6,0.97,2026-05-29 02:18:35.156105
W2_XL_input_clean_1012.pdf,SocialSecurityTips,57145.11,0.99,2026-05-29 02:18:35.156199
W2_XL_input_clean_1012.pdf,SocialSecurityWages,57145.11,0.97,2026-05-29 02:18:35.156222
W2_XL_input_clean_1012.pdf,StateIncomeTax_Line1,2107.83,0.7,2026-05-29 02:18:35.156255
W2_XL_input_clean_1012.pdf,StateWagesTipsEtc_Line1,27166.89,0.55,2026-05-29 02:18:35.156271
W2_XL_input_clean_1012.pdf,State_Line1,CT,0.96,2026-05-29 02:18:35.156286
W2_XL_input_clean_1012.pdf,WagesTipsOtherCompensation,50379.86,0.95,2026-05-29 02:18:35.156301
W2_XL_input_clean_1012.pdf,a_Code,H,0.75,2026-05-29 02:18:35.156316
W2_XL_input_clean_1012.pdf,a_Value,7305,0.16,2026-05-29 02:18:35.156331
W2_XL_input_clean_1012.pdf,b_Code,E,0.56,2026-05-29 02:18:35.156346
W2_XL_input_clean_1012.pdf,c_Value,882,0.51,2026-05-29 02:18:35.156361
W2_XL_input_clean_1012.pdf,d_Code,H,0.0,2026-05-29 02:18:35.156377
W2_XL_input_clean_1287.pdf,AllocatedTips,82909.87,0.95,2026-05-29 02:18:44.586876
W2_XL_input_clean_1287.pdf,ControlNumber,2678516,0.93,2026-05-29 02:18:44.586955
W2_XL_input_clean_1287.pdf,DependentCareBenefits,251,0.85,2026-05-29 02:18:44.586985
W2_XL_input_clean_1287.pdf,EIN,54-0079785,0.99,2026-05-29 02:18:44.587011
W2_XL_input_clean_1287.pdf,EmployeeAddress_City,New Samuelfort,0.77,2026-05-29 02:18:44.587046
W2_XL_input_clean_1287.pdf,EmployeeAddress_State,LA,0.05,2026-05-29 02:18:44.587070
W2_XL_input_clean_1287.pdf,EmployeeAddress_StreetAddressOrPostalBox,2054 Thompson Cove Apt. 902,0.74,2026-05-29 02:18:44.587093
W2_XL_input_clean_1287.pdf,EmployeeName_FirstName,Jennifer,0.97,2026-05-29 02:18:44.587129
W2_XL_input_clean_1287.pdf,EmployeeName_LastName,Woods,0.96,2026-05-29 02:18:44.587167
W2_XL_input_clean_1287.pdf,EmployerAddress_City,Margaretport,0.97,2026-05-29 02:18:44.587204
W2_XL_input_clean_1287.pdf,EmployerAddress_State,RI,0.07,2026-05-29 02:18:44.587267
W2_XL_input_clean_1287.pdf,EmployerAddress_StreetAddressOrPostalBox,7241 Howe Cliffs Apt. 961,0.86,2026-05-29 02:18:44.587313
W2_XL_input_clean_1287.pdf,EmployerAddress_Zip,69077,0.8,2026-05-29 02:18:44.587344
W2_XL_input_clean_1287.pdf,EmployerName,Townsend-Blair Group,0.98,2026-05-29 02:18:44.587372
W2_XL_input_clean_1287.pdf,EmployerStateIdNumber_Line1,334-42-792,0.2,2026-05-29 02:18:44.587389
W2_XL_input_clean_1287.pdf,FederalIncomeTaxWithheld,23017.15,0.93,2026-05-29 02:18:44.587404
W2_XL_input_clean_1287.pdf,FormYear,2010,0.8,2026-05-29 02:18:44.587418
W2_XL_input_clean_1287.pdf,LocalIncomeTax_Line1,17616.25,0.82,2026-05-29 02:18:44.587433
W2_XL_input_clean_1287.pdf,LocalWagesTipsEtc_Line1,115511.5,0.74,2026-05-29 02:18:44.587448
W2_XL_input_clean_1287.pdf,LocalityName_Line1,Brown Prairie,0.84,2026-05-29 02:18:44.587463
W2_XL_input_clean_1287.pdf,MedicareTaxWithheld,2404.39,0.95,2026-05-29 02:18:44.587477
W2_XL_input_clean_1287.pdf,MedicareWagesAndTips,82909.87,0.97,2026-05-29 02:18:44.587492
W2_XL_input_clean_1287.pdf,NonqualifiedPlans,151,0.06,2026-05-29 02:18:44.587522
W2_XL_input_clean_1287.pdf,SSN,816-46-6317,0.98,2026-05-29 02:18:44.587539
W2_XL_input_clean_1287.pdf,SocialSecurityTaxWithheld,8291.59,0.96,2026-05-29 02:18:44.587600
W2_XL_input_clean_1287.pdf,SocialSecurityTips,108386.81,0.98,2026-05-29 02:18:44.587641
W2_XL_input_clean_1287.pdf,SocialSecurityWages,108386.81,0.97,2026-05-29 02:18:44.587691
W2_XL_input_clean_1287.pdf,StateIncomeTax_Line1,2533.57,0.41,2026-05-29 02:18:44.587719
W2_XL_input_clean_1287.pdf,StateWagesTipsEtc_Line1,55410.37,0.34,2026-05-29 02:18:44.587737
W2_XL_input_clean_1287.pdf,State_Line1,WY,0.65,2026-05-29 02:18:44.587752
W2_XL_input_clean_1287.pdf,WagesTipsOtherCompensation,102405.57,0.98,2026-05-29 02:18:44.587767
W2_XL_input_clean_1287.pdf,a_Value,5764,0.73,2026-05-29 02:18:44.587781
W2_XL_input_clean_1287.pdf,b_Code,H,0.33,2026-05-29 02:18:44.587797
W2_XL_input_clean_1287.pdf,b_Value,952,0.11,2026-05-29 02:18:44.587812
W2_XL_input_clean_1287.pdf,c_Code,D,0.42,2026-05-29 02:18:44.587827
W2_XL_input_clean_1287.pdf,c_Value,749,0.23,2026-05-29 02:18:44.587841
W2_XL_input_noisy_2974.pdf,EmployeeAddress_StreetAddressOrPostalBox,8596 Robert Dale Apt. 510,0.83,2026-05-29 02:19:40.232302
W2_XL_input_noisy_2974.pdf,EmployeeName_FirstName,Christine,0.94,2026-05-29 02:19:40.232377
W2_XL_input_noisy_2974.pdf,EmployeeName_LastName,Holland,0.98,2026-05-29 02:19:40.232411
W2_XL_input_noisy_2974.pdf,EmployerAddress_StreetAddressOrPostalBox,43429 Gonzales Fords,0.63,2026-05-29 02:19:40.232429
W2_XL_input_noisy_2974.pdf,EmployerName,Milking LLC LLC,0.93,2026-05-29 02:19:40.232445
W2_XL_input_noisy_2974.pdf,FormYear,2010,0.58,2026-05-29 02:19:40.232461
W2_XL_input_clean_1013.pdf,AllocatedTips,200054.81,0.9,2026-05-29 02:20:02.378322
W2_XL_input_clean_1013.pdf,ControlNumber,3827600,0.91,2026-05-29 02:20:02.378372
W2_XL_input_clean_1013.pdf,DependentCareBenefits,214,0.84,2026-05-29 02:20:02.378392
W2_XL_input_clean_1013.pdf,EIN,75-1618704,0.99,2026-05-29 02:20:02.378408
W2_XL_input_clean_1013.pdf,EmployeeAddress_City,Lake James,0.86,2026-05-29 02:20:02.378424
W2_XL_input_clean_1013.pdf,EmployeeAddress_State,NJ,0.08,2026-05-29 02:20:02.378440
W2_XL_input_clean_1013.pdf,EmployeeAddress_StreetAddressOrPostalBox,27374 Henderson Oval,0.61,2026-05-29 02:20:02.378456
W2_XL_input_clean_1013.pdf,EmployeeAddress_Zip,32949,0.8,2026-05-29 02:20:02.378470
W2_XL_input_clean_1013.pdf,EmployeeName_FirstName,Jose,0.98,2026-05-29 02:20:02.378485
W2_XL_input_clean_1013.pdf,EmployeeName_LastName,Booker,0.98,2026-05-29 02:20:02.378500
W2_XL_input_clean_1013.pdf,EmployerAddress_State,MD,0.07,2026-05-29 02:20:02.378520
W2_XL_input_clean_1013.pdf,EmployerAddress_StreetAddressOrPostalBox,712 Haley Meadow,0.93,2026-05-29 02:20:02.378535
W2_XL_input_clean_1013.pdf,EmployerName,Mendoza-Matthews Group,0.98,2026-05-29 02:20:02.378551
W2_XL_input_clean_1013.pdf,EmployerStateIdNumber_Line1,023-25-032,0.3,2026-05-29 02:20:02.378567
W2_XL_input_clean_1013.pdf,FederalIncomeTaxWithheld,66000.12,0.91,2026-05-29 02:20:02.378581
W2_XL_input_clean_1013.pdf,FormYear,2010,0.81,2026-05-29 02:20:02.378596
W2_XL_input_clean_1013.pdf,LocalIncomeTax_Line1,31225.01,0.72,2026-05-29 02:20:02.378611
W2_XL_input_clean_1013.pdf,LocalWagesTipsEtc_Line1,172528.54,0.52,2026-05-29 02:20:02.378626
W2_XL_input_clean_1013.pdf,LocalityName_Line1,Kayla Gardens,0.77,2026-05-29 02:20:02.378641
W2_XL_input_clean_1013.pdf,MedicareTaxWithheld,5801.59,0.96,2026-05-29 02:20:02.378656
W2_XL_input_clean_1013.pdf,MedicareWagesAndTips,200054.81,0.96,2026-05-29 02:20:02.378671
W2_XL_input_clean_1013.pdf,NonqualifiedPlans,216,0.04,2026-05-29 02:20:02.378685
W2_XL_input_clean_1013.pdf,SSN,725-40-6045,0.99,2026-05-29 02:20:02.378699
W2_XL_input_clean_1013.pdf,SocialSecurityTaxWithheld,14623.34,0.9,2026-05-29 02:20:02.378714
W2_XL_input_clean_1013.pdf,SocialSecurityTips,191154.72,0.99,2026-05-29 02:20:02.378729
W2_XL_input_clean_1013.pdf,SocialSecurityWages,191154.72,0.96,2026-05-29 02:20:02.378745
W2_XL_input_clean_1013.pdf,StateIncomeTax_Line1,8241.63,0.29,2026-05-29 02:20:02.378762
W2_XL_input_clean_1013.pdf,StateWagesTipsEtc_Line1,119129.57,0.3,2026-05-29 02:20:02.378777
W2_XL_input_clean_1013.pdf,State_Line1,MS,0.6,2026-05-29 02:20:02.378792
W2_XL_input_clean_1013.pdf,WagesTipsOtherCompensation,242353.95,0.97,2026-05-29 02:20:02.378806
W2_XL_input_clean_1013.pdf,a_Value,5522,0.72,2026-05-29 02:20:02.378820
W2_XL_input_clean_1013.pdf,b_Code,G,0.47,2026-05-29 02:20:02.378835
W2_XL_input_clean_1013.pdf,b_Value,908,0.06,2026-05-29 02:20:02.378850
W2_XL_input_clean_1013.pdf,c_Code,P,0.04,2026-05-29 02:20:02.378865
W2_XL_input_clean_1308.pdf,AllocatedTips,144033.29,0.89,2026-05-29 02:20:18.343822
W2_XL_input_clean_1308.pdf,ControlNumber,9741781,0.5,2026-05-29 02:20:18.343916
W2_XL_input_clean_1308.pdf,DependentCareBenefits,280,0.29,2026-05-29 02:20:18.343948
W2_XL_input_clean_1308.pdf,EIN,54-0451594,0.99,2026-05-29 02:20:18.343977
W2_XL_input_clean_1308.pdf,EmployeeAddress_City,Torreschester,0.74,2026-05-29 02:20:18.344007
W2_XL_input_clean_1308.pdf,EmployeeAddress_State,RI,0.04,2026-05-29 02:20:18.344042
W2_XL_input_clean_1308.pdf,EmployeeName_FirstName,Danielle,0.71,2026-05-29 02:20:18.344083
W2_XL_input_clean_1308.pdf,EmployeeName_LastName,Gonzalez,0.78,2026-05-29 02:20:18.344131
W2_XL_input_clean_1308.pdf,EmployerAddress_City,New Annaberg,0.81,2026-05-29 02:20:18.344173
W2_XL_input_clean_1308.pdf,EmployerAddress_State,NE,0.07,2026-05-29 02:20:18.344212
W2_XL_input_clean_1308.pdf,EmployerAddress_StreetAddressOrPostalBox,24358 Tamara Shore Suite 896,0.12,2026-05-29 02:20:18.344305
W2_XL_input_clean_1308.pdf,EmployerName,Peters-Grant PLC,0.98,2026-05-29 02:20:18.344327
W2_XL_input_clean_1308.pdf,EmployerStateIdNumber_Line1,687-82-419,0.53,2026-05-29 02:20:18.344345
W2_XL_input_clean_1308.pdf,FederalIncomeTaxWithheld,41376.11,0.6,2026-05-29 02:20:18.344362
W2_XL_input_clean_1308.pdf,FormYear,2010,0.82,2026-05-29 02:20:18.344379
W2_XL_input_clean_1308.pdf,LocalIncomeTax_Line1,20584.79,0.78,2026-05-29 02:20:18.344397
W2_XL_input_clean_1308.pdf,LocalWagesTipsEtc_Line1,118177.86,0.62,2026-05-29 02:20:18.344449
W2_XL_input_clean_1308.pdf,LocalityName_Line1,Pacheco Loop,0.82,2026-05-29 02:20:18.344478
W2_XL_input_clean_1308.pdf,MedicareTaxWithheld,4176.97,0.95,2026-05-29 02:20:18.344514
W2_XL_input_clean_1308.pdf,MedicareWagesAndTips,144033.29,0.97,2026-05-29 02:20:18.344534
W2_XL_input_clean_1308.pdf,SSN,157-04-1198,0.99,2026-05-29 02:20:18.344551
W2_XL_input_clean_1308.pdf,SocialSecurityTaxWithheld,11842.62,0.7,2026-05-29 02:20:18.344568
W2_XL_input_clean_1308.pdf,SocialSecurityTips,154805.49,0.98,2026-05-29 02:20:18.344585
W2_XL_input_clean_1308.pdf,SocialSecurityWages,154805.49,0.98,2026-05-29 02:20:18.344601
W2_XL_input_clean_1308.pdf,StateIncomeTax_Line1,8283.88,0.55,2026-05-29 02:20:18.344618
W2_XL_input_clean_1308.pdf,StateWagesTipsEtc_Line1,65852.59,0.38,2026-05-29 02:20:18.344634
W2_XL_input_clean_1308.pdf,State_Line1,SC,0.89,2026-05-29 02:20:18.344651
W2_XL_input_clean_1308.pdf,WagesTipsOtherCompensation,142769.33,0.97,2026-05-29 02:20:18.344667
W2_XL_input_clean_1308.pdf,a_Code,G,0.45,2026-05-29 02:20:18.344683
W2_XL_input_clean_1308.pdf,b_Code,E,0.48,2026-05-29 02:20:18.344780
W2_XL_input_clean_1308.pdf,c_Value,806,0.49,2026-05-29 02:20:18.344806
W2_XL_input_clean_1390.pdf,AllocatedTips,220956.7,0.94,2026-05-29 02:20:30.580329
W2_XL_input_clean_1390.pdf,ControlNumber,3119568,0.93,2026-05-29 02:20:30.580403
W2_XL_input_clean_1390.pdf,DependentCareBenefits,157,0.63,2026-05-29 02:20:30.580435
W2_XL_input_clean_1390.pdf,EIN,98-0626245,0.99,2026-05-29 02:20:30.580453
W2_XL_input_clean_1390.pdf,EmployeeAddress_StreetAddressOrPostalBox,66579 Hannah Cliff,0.82,2026-05-29 02:20:30.580469
W2_XL_input_clean_1390.pdf,EmployeeName_FirstName,Eric,0.97,2026-05-29 02:20:30.580484
W2_XL_input_clean_1390.pdf,EmployeeName_LastName,Benson,0.97,2026-05-29 02:20:30.580499
W2_XL_input_clean_1390.pdf,EmployerAddress_City,New Jameshaven,0.73,2026-05-29 02:20:30.580515
W2_XL_input_clean_1390.pdf,EmployerAddress_State,IN,0.07,2026-05-29 02:20:30.580530
W2_XL_input_clean_1390.pdf,EmployerAddress_StreetAddressOrPostalBox,6424 Stephens Roads,0.88,2026-05-29 02:20:30.580545
W2_XL_input_clean_1390.pdf,EmployerName,"Burgess, Hall and Fowler LLC",0.96,2026-05-29 02:20:30.580560
W2_XL_input_clean_1390.pdf,EmployerStateIdNumber_Line1,697-35-994,0.14,2026-05-29 02:20:30.580576
W2_XL_input_clean_1390.pdf,FederalIncomeTaxWithheld,34289.18,0.87,2026-05-29 02:20:30.580591
W2_XL_input_clean_1390.pdf,FormYear,2010,0.76,2026-05-29 02:20:30.580609
W2_XL_input_clean_1390.pdf,LocalIncomeTax_Line1,30524.53,0.72,2026-05-29 02:20:30.580624
W2_XL_input_clean_1390.pdf,LocalWagesTipsEtc_Line1,254694.1,0.25,2026-05-29 02:20:30.580639
W2_XL_input_clean_1390.pdf,LocalityName_Line1,Chen Wall,0.84,2026-05-29 02:20:30.580654
W2_XL_input_clean_1390.pdf,MedicareTaxWithheld,6407.74,0.96,2026-05-29 02:20:30.580672
W2_XL_input_clean_1390.pdf,MedicareWagesAndTips,220956.7,0.97,2026-05-29 02:20:30.580686
W2_XL_input_clean_1390.pdf,NonqualifiedPlans,114,0.04,2026-05-29 02:20:30.580701
W2_XL_input_clean_1390.pdf,SSN,486-83-8339,0.98,2026-05-29 02:20:30.580715
W2_XL_input_clean_1390.pdf,SocialSecurityTaxWithheld,11097.16,0.91,2026-05-29 02:20:30.580734
W2_XL_input_clean_1390.pdf,SocialSecurityTips,145060.91,0.99,2026-05-29 02:20:30.580749
W2_XL_input_clean_1390.pdf,SocialSecurityWages,145060.91,0.96,2026-05-29 02:20:30.580764
W2_XL_input_clean_1390.pdf,StateWagesTipsEtc_Line1,89396.31,0.15,2026-05-29 02:20:30.580779
W2_XL_input_clean_1390.pdf,State_Line1,IA,0.34,2026-05-29 02:20:30.580793
W2_XL_input_clean_1390.pdf,WagesTipsOtherCompensation,198068.26,0.95,2026-05-29 02:20:30.580808
W2_XL_input_clean_1390.pdf,a_Code,G,0.7,2026-05-29 02:20:30.580823
W2_XL_input_clean_1390.pdf,a_Value,8556,0.15,2026-05-29 02:20:30.580839
W2_XL_input_clean_1390.pdf,b_Code,G,0.53,2026-05-29 02:20:30.580853
W2_XL_input_clean_1390.pdf,c_Code,E,0.04,2026-05-29 02:20:30.580868
W2_XL_input_clean_1357.pdf,AllocatedTips,125407.89,0.96,2026-05-29 02:20:49.049432
W2_XL_input_clean_1357.pdf,ControlNumber,2942765,0.83,2026-05-29 02:20:49.049489
W2_XL_input_clean_1357.pdf,DependentCareBenefits,268,0.81,2026-05-29 02:20:49.049508
W2_XL_input_clean_1357.pdf,EIN,23-5239986,0.99,2026-05-29 02:20:49.049524
W2_XL_input_clean_1357.pdf,EmployeeAddress_City,West Julie,0.68,2026-05-29 02:20:49.049548
W2_XL_input_clean_1357.pdf,EmployeeAddress_State,MS,0.07,2026-05-29 02:20:49.049564
W2_XL_input_clean_1357.pdf,EmployeeAddress_StreetAddressOrPostalBox,0743 Allen Way,0.75,2026-05-29 02:20:49.049580
W2_XL_input_clean_1357.pdf,EmployeeName_FirstName,Angela,0.88,2026-05-29 02:20:49.049596
W2_XL_input_clean_1357.pdf,EmployeeName_LastName,Hudson,0.93,2026-05-29 02:20:49.049611
W2_XL_input_clean_1357.pdf,EmployerAddress_City,North Georgeburgh,0.71,2026-05-29 02:20:49.049626
W2_XL_input_clean_1357.pdf,EmployerAddress_State,CA,0.07,2026-05-29 02:20:49.049642
W2_XL_input_clean_1357.pdf,EmployerAddress_StreetAddressOrPostalBox,82399 Jennings Key Suite 065,0.38,2026-05-29 02:20:49.049656
W2_XL_input_clean_1357.pdf,EmployerName,Davis-Smith Inc,0.96,2026-05-29 02:20:49.049671
W2_XL_input_clean_1357.pdf,EmployerStateIdNumber_Line1,810-83-505,0.64,2026-05-29 02:20:49.049686
W2_XL_input_clean_1357.pdf,FederalIncomeTaxWithheld,25722.34,0.93,2026-05-29 02:20:49.049701
W2_XL_input_clean_1357.pdf,FormYear,2010,0.88,2026-05-29 02:20:49.049716
W2_XL_input_clean_1357.pdf,LocalIncomeTax_Line1,19599.11,0.82,2026-05-29 02:20:49.049730
W2_XL_input_clean_1357.pdf,LocalWagesTipsEtc_Line1,136557.6,0.38,2026-05-29 02:20:49.049745
W2_XL_input_clean_1357.pdf,LocalityName_Line1,Monique Greens,0.83,2026-05-29 02:20:49.049760
W2_XL_input_clean_1357.pdf,MedicareTaxWithheld,3636.83,0.96,2026-05-29 02:20:49.049775
W2_XL_input_clean_1357.pdf,MedicareWagesAndTips,125407.89,0.95,2026-05-29 02:20:49.049790
W2_XL_input_clean_1357.pdf,SSN,056-81-9051,0.98,2026-05-29 02:20:49.049805
W2_XL_input_clean_1357.pdf,SocialSecurityTaxWithheld,9827.83,0.88,2026-05-29 02:20:49.049819
W2_XL_input_clean_1357.pdf,SocialSecurityTips,128468.35,0.98,2026-05-29 02:20:49.049834
W2_XL_input_clean_1357.pdf,SocialSecurityWages,128468.35,0.97,2026-05-29 02:20:49.049849
W2_XL_input_clean_1357.pdf,StateIncomeTax_Line1,2712.25,0.67,2026-05-29 02:20:49.049863
W2_XL_input_clean_1357.pdf,StateWagesTipsEtc_Line1,48460.8,0.62,2026-05-29 02:20:49.049878
W2_XL_input_clean_1357.pdf,State_Line1,AR,0.74,2026-05-29 02:20:49.049892
W2_XL_input_clean_1357.pdf,WagesTipsOtherCompensation,105723.96,0.97,2026-05-29 02:20:49.049907
W2_XL_input_clean_1357.pdf,a_Code,P,0.52,2026-05-29 02:20:49.049922
W2_XL_input_clean_1357.pdf,b_Code,D,0.22,2026-05-29 02:20:49.049937
W2_XL_input_clean_1357.pdf,c_Value,887,0.54,2026-05-29 02:20:49.049952
W2_XL_input_clean_1357.pdf,d_Code,P,0.0,2026-05-29 02:20:49.049967
W2_XL_input_clean_1142.pdf,AllocatedTips,194148.09,0.94,2026-05-29 02:20:59.794152
W2_XL_input_clean_1142.pdf,ControlNumber,3378417,0.92,2026-05-29 02:20:59.794258
W2_XL_input_clean_1142.pdf,DependentCareBenefits,164,0.68,2026-05-29 02:20:59.794283
W2_XL_input_clean_1142.pdf,EIN,75-7760572,0.99,2026-05-29 02:20:59.794311
W2_XL_input_clean_1142.pdf,EmployeeAddress_City,New Elizabethport,0.89,2026-05-29 02:20:59.794329
W2_XL_input_clean_1142.pdf,EmployeeAddress_State,PA,0.08,2026-05-29 02:20:59.794345
W2_XL_input_clean_1142.pdf,EmployeeAddress_StreetAddressOrPostalBox,35861 Dennis Tunnel Apt.,0.78,2026-05-29 02:20:59.794363
W2_XL_input_clean_1142.pdf,EmployeeName_FirstName,Donna,0.97,2026-05-29 02:20:59.794379
W2_XL_input_clean_1142.pdf,EmployeeName_LastName,Patel,0.97,2026-05-29 02:20:59.794396
W2_XL_input_clean_1142.pdf,EmployerAddress_City,West Yolanda,0.74,2026-05-29 02:20:59.794413
W2_XL_input_clean_1142.pdf,EmployerAddress_State,IN,0.07,2026-05-29 02:20:59.794431
W2_XL_input_clean_1142.pdf,EmployerAddress_StreetAddressOrPostalBox,113 Hays Port,0.89,2026-05-29 02:20:59.794447
W2_XL_input_clean_1142.pdf,EmployerName,"Bryan, Nelson and Young Ltd",0.95,2026-05-29 02:20:59.794464
W2_XL_input_clean_1142.pdf,EmployerStateIdNumber_Line1,468-04-560,0.56,2026-05-29 02:20:59.794480
W2_XL_input_clean_1142.pdf,FederalIncomeTaxWithheld,23299.16,0.59,2026-05-29 02:20:59.794515
W2_XL_input_clean_1142.pdf,FormYear,2010,0.81,2026-05-29 02:20:59.794565
W2_XL_input_clean_1142.pdf,LocalIncomeTax_Line1,25195.73,0.79,2026-05-29 02:20:59.794616
W2_XL_input_clean_1142.pdf,LocalWagesTipsEtc_Line1,209811.98,0.38,2026-05-29 02:20:59.794668
W2_XL_input_clean_1142.pdf,LocalityName_Line1,Sanchez Turnpike,0.75,2026-05-29 02:20:59.794728
W2_XL_input_clean_1142.pdf,MedicareTaxWithheld,5630.29,0.94,2026-05-29 02:20:59.794750
W2_XL_input_clean_1142.pdf,MedicareWagesAndTips,194148.09,0.95,2026-05-29 02:20:59.794768
W2_XL_input_clean_1142.pdf,SSN,389-55-8712,0.98,2026-05-29 02:20:59.794785
W2_XL_input_clean_1142.pdf,SocialSecurityTaxWithheld,17161.59,0.93,2026-05-29 02:20:59.794802
W2_XL_input_clean_1142.pdf,SocialSecurityTips,224334.47,0.96,2026-05-29 02:20:59.794820
W2_XL_input_clean_1142.pdf,SocialSecurityWages,224334.47,0.96,2026-05-29 02:20:59.794837
W2_XL_input_clean_1142.pdf,StateIncomeTax_Line1,8456.11,0.71,2026-05-29 02:20:59.794854
W2_XL_input_clean_1142.pdf,StateWagesTipsEtc_Line1,106604.97,0.67,2026-05-29 02:20:59.794871
W2_XL_input_clean_1142.pdf,State_Line1,MO,0.81,2026-05-29 02:20:59.794888
W2_XL_input_clean_1142.pdf,WagesTipsOtherCompensation,229536.41,0.96,2026-05-29 02:20:59.794904
W2_XL_input_clean_1142.pdf,a_Code,H,0.75,2026-05-29 02:20:59.794922
W2_XL_input_clean_1142.pdf,a_Value,5474,0.24,2026-05-29 02:20:59.794938
W2_XL_input_clean_1142.pdf,b_Code,H,0.38,2026-05-29 02:20:59.794955
W2_XL_input_clean_1142.pdf,c_Value,551,0.67,2026-05-29 02:20:59.794971
W2_XL_input_clean_1142.pdf,d_Code,D,0.0,2026-05-29 02:20:59.794989
W2_XL_input_clean_1258.pdf,AllocatedTips,155007.15,0.95,2026-05-29 02:21:12.023053
W2_XL_input_clean_1258.pdf,ControlNumber,9686199,0.86,2026-05-29 02:21:12.023183
W2_XL_input_clean_1258.pdf,DependentCareBenefits,269,0.78,2026-05-29 02:21:12.023215
W2_XL_input_clean_1258.pdf,EIN,65-1444227,0.98,2026-05-29 02:21:12.023265
W2_XL_input_clean_1258.pdf,EmployeeAddress_City,Samuelshire,0.88,2026-05-29 02:21:12.023293
W2_XL_input_clean_1258.pdf,EmployeeAddress_State,NM,0.08,2026-05-29 02:21:12.023318
W2_XL_input_clean_1258.pdf,EmployeeAddress_StreetAddressOrPostalBox,539 Katherine Shoal Apt. 267,0.67,2026-05-29 02:21:12.023360
W2_XL_input_clean_1258.pdf,EmployeeName_FirstName,Derek,0.96,2026-05-29 02:21:12.023402
W2_XL_input_clean_1258.pdf,EmployeeName_LastName,Li,0.83,2026-05-29 02:21:12.023437
W2_XL_input_clean_1258.pdf,EmployerAddress_City,Clarkebury,0.94,2026-05-29 02:21:12.023471
W2_XL_input_clean_1258.pdf,EmployerAddress_State,NY,0.07,2026-05-29 02:21:12.023488
W2_XL_input_clean_1258.pdf,EmployerAddress_StreetAddressOrPostalBox,99921 Ashley Road,0.39,2026-05-29 02:21:12.023504
W2_XL_input_clean_1258.pdf,EmployerName,Walters-Gill and Sons,0.97,2026-05-29 02:21:12.023519
W2_XL_input_clean_1258.pdf,EmployerStateIdNumber_Line1,864-27-795,0.52,2026-05-29 02:21:12.023534
W2_XL_input_clean_1258.pdf,FederalIncomeTaxWithheld,42451.64,0.88,2026-05-29 02:21:12.023549
W2_XL_input_clean_1258.pdf,FormYear,2010,0.9,2026-05-29 02:21:12.023564
W2_XL_input_clean_1258.pdf,LocalIncomeTax_Line1,22373.31,0.8,2026-05-29 02:21:12.023579
W2_XL_input_clean_1258.pdf,LocalWagesTipsEtc_Line1,134531.36,0.54,2026-05-29 02:21:12.023594
W2_XL_input_clean_1258.pdf,LocalityName_Line1,Smith Green,0.68,2026-05-29 02:21:12.023613
W2_XL_input_clean_1258.pdf,MedicareTaxWithheld,4495.21,0.96,2026-05-29 02:21:12.023638
W2_XL_input_clean_1258.pdf,MedicareWagesAndTips,155007.15,0.95,2026-05-29 02:21:12.023655
W2_XL_input_clean_1258.pdf,SSN,467-17-0909,0.97,2026-05-29 02:21:12.023670
W2_XL_input_clean_1258.pdf,SocialSecurityTaxWithheld,15419.45,0.86,2026-05-29 02:21:12.023684
W2_XL_input_clean_1258.pdf,SocialSecurityTips,201561.45,0.99,2026-05-29 02:21:12.023699
W2_XL_input_clean_1258.pdf,SocialSecurityWages,201561.45,0.97,2026-05-29 02:21:12.023713
W2_XL_input_clean_1258.pdf,StateIncomeTax_Line1,3423.34,0.57,2026-05-29 02:21:12.023728
W2_XL_input_clean_1258.pdf,StateWagesTipsEtc_Line1,76339.93,0.35,2026-05-29 02:21:12.023805
W2_XL_input_clean_1258.pdf,State_Line1,CO,0.77,2026-05-29 02:21:12.023827
W2_XL_input_clean_1258.pdf,WagesTipsOtherCompensation,158613.93,0.97,2026-05-29 02:21:12.023841
W2_XL_input_clean_1258.pdf,a_Code,G,0.74,2026-05-29 02:21:12.023856
W2_XL_input_clean_1258.pdf,b_Code,H,0.23,2026-05-29 02:21:12.023871
W2_XL_input_clean_1258.pdf,c_Value,724,0.64,2026-05-29 02:21:12.023886
W2_XL_input_clean_1214.pdf,AllocatedTips,168649.94,0.88,2026-05-29 02:21:23.290479
W2_XL_input_clean_1214.pdf,ControlNumber,4326015,0.91,2026-05-29 02:21:23.290610
W2_XL_input_clean_1214.pdf,DependentCareBenefits,100,0.59,2026-05-29 02:21:23.290634
W2_XL_input_clean_1214.pdf,EIN,03-7979627,0.99,2026-05-29 02:21:23.290651
W2_XL_input_clean_1214.pdf,EmployeeAddress_City,New Terriview,0.87,2026-05-29 02:21:23.290667
W2_XL_input_clean_1214.pdf,EmployeeAddress_State,KY,0.07,2026-05-29 02:21:23.290683
W2_XL_input_clean_1214.pdf,EmployeeAddress_StreetAddressOrPostalBox,86435 Abbott Garden,0.67,2026-05-29 02:21:23.290700
W2_XL_input_clean_1214.pdf,EmployeeName_FirstName,Diana,0.98,2026-05-29 02:21:23.290716
W2_XL_input_clean_1214.pdf,EmployeeName_LastName,Meza,0.97,2026-05-29 02:21:23.290735
W2_XL_input_clean_1214.pdf,EmployerAddress_City,Lisafurt,0.92,2026-05-29 02:21:23.290751
W2_XL_input_clean_1214.pdf,EmployerAddress_State,DC,0.07,2026-05-29 02:21:23.290790
W2_XL_input_clean_1214.pdf,EmployerAddress_StreetAddressOrPostalBox,2097 Swanson Run,0.62,2026-05-29 02:21:23.290829
W2_XL_input_clean_1214.pdf,EmployerName,Flores-Mclean PLC,0.97,2026-05-29 02:21:23.290848
W2_XL_input_clean_1214.pdf,EmployerStateIdNumber_Line1,263-98-824,0.43,2026-05-29 02:21:23.290863
W2_XL_input_clean_1214.pdf,FederalIncomeTaxWithheld,28538.94,0.87,2026-05-29 02:21:23.290879
W2_XL_input_clean_1214.pdf,FormYear,2010,0.86,2026-05-29 02:21:23.290893
W2_XL_input_clean_1214.pdf,LocalIncomeTax_Line1,34457.48,0.75,2026-05-29 02:21:23.290908
W2_XL_input_clean_1214.pdf,LocalWagesTipsEtc_Line1,143425.44,0.56,2026-05-29 02:21:23.290924
W2_XL_input_clean_1214.pdf,LocalityName_Line1,Jorge Junctions,0.75,2026-05-29 02:21:23.290939
W2_XL_input_clean_1214.pdf,MedicareTaxWithheld,4890.85,0.98,2026-05-29 02:21:23.290954
W2_XL_input_clean_1214.pdf,MedicareWagesAndTips,168649.94,0.97,2026-05-29 02:21:23.290969
W2_XL_input_clean_1214.pdf,NonqualifiedPlans,230,0.02,2026-05-29 02:21:23.290984
W2_XL_input_clean_1214.pdf,SSN,148-27-5028,0.99,2026-05-29 02:21:23.290998
W2_XL_input_clean_1214.pdf,SocialSecurityTaxWithheld,15777.28,0.92,2026-05-29 02:21:23.291026
W2_XL_input_clean_1214.pdf,SocialSecurityTips,206238.91,0.99,2026-05-29 02:21:23.291042
W2_XL_input_clean_1214.pdf,SocialSecurityWages,206238.91,0.98,2026-05-29 02:21:23.291074
W2_XL_input_clean_1214.pdf,StateIncomeTax_Line1,7342.31,0.53,2026-05-29 02:21:23.291088
W2_XL_input_clean_1214.pdf,StateWagesTipsEtc_Line1,94630.26,0.4,2026-05-29 02:21:23.291103
W2_XL_input_clean_1214.pdf,State_Line1,KY,0.72,2026-05-29 02:21:23.291125
W2_XL_input_clean_1214.pdf,WagesTipsOtherCompensation,189547.9,0.96,2026-05-29 02:21:23.291174
W2_XL_input_clean_1214.pdf,a_Code,D,0.74,2026-05-29 02:21:23.291219
W2_XL_input_clean_1214.pdf,a_Value,2651,0.09,2026-05-29 02:21:23.291312
W2_XL_input_clean_1214.pdf,b_Code,G,0.4,2026-05-29 02:21:23.291336
W2_XL_input_clean_1214.pdf,c_Code,P,0.13,2026-05-29 02:21:23.291352
W2_XL_input_clean_1214.pdf,c_Value,418,0.28,2026-05-29 02:21:23.291367
W2_XL_input_clean_1214.pdf,d_Code,G,0.0,2026-05-29 02:21:23.291383
W2_XL_input_clean_1302.pdf,AllocatedTips,185025.98,0.92,2026-05-29 02:21:35.710623
W2_XL_input_clean_1302.pdf,ControlNumber,4300122,0.95,2026-05-29 02:21:35.710670
W2_XL_input_clean_1302.pdf,DependentCareBenefits,290,0.6,2026-05-29 02:21:35.710689
W2_XL_input_clean_1302.pdf,EIN,65-0792343,0.99,2026-05-29 02:21:35.710705
W2_XL_input_clean_1302.pdf,EmployeeAddress_City,Port Richardview,0.75,2026-05-29 02:21:35.710720
W2_XL_input_clean_1302.pdf,EmployeeAddress_State,TX,0.05,2026-05-29 02:21:35.710735
W2_XL_input_clean_1302.pdf,EmployeeAddress_StreetAddressOrPostalBox,48170 Hoover Path Suite 886,0.77,2026-05-29 02:21:35.710750
W2_XL_input_clean_1302.pdf,EmployeeName_FirstName,Tiffany,0.96,2026-05-29 02:21:35.710769
W2_XL_input_clean_1302.pdf,EmployeeName_LastName,Black,0.93,2026-05-29 02:21:35.710788
W2_XL_input_clean_1302.pdf,EmployerAddress_City,Lake Jeff,0.91,2026-05-29 02:21:35.710804
W2_XL_input_clean_1302.pdf,EmployerAddress_State,HI,0.07,2026-05-29 02:21:35.710819
W2_XL_input_clean_1302.pdf,EmployerAddress_StreetAddressOrPostalBox,8015 Timothy Meadows Apt. 026,0.91,2026-05-29 02:21:35.710833
W2_XL_input_clean_1302.pdf,EmployerAddress_Zip,43063,0.84,2026-05-29 02:21:35.710848
W2_XL_input_clean_1302.pdf,EmployerName,Fox Group Ltd,0.98,2026-05-29 02:21:35.710863
W2_XL_input_clean_1302.pdf,FederalIncomeTaxWithheld,50901.02,0.94,2026-05-29 02:21:35.710878
W2_XL_input_clean_1302.pdf,FormYear,2010,0.83,2026-05-29 02:21:35.710893
W2_XL_input_clean_1302.pdf,LocalIncomeTax_Line1,37516.74,0.69,2026-05-29 02:21:35.710907
W2_XL_input_clean_1302.pdf,LocalWagesTipsEtc_Line1,246995.91,0.52,2026-05-29 02:21:35.710922
W2_XL_input_clean_1302.pdf,LocalityName_Line1,Anderson Wells,0.59,2026-05-29 02:21:35.710981
W2_XL_input_clean_1302.pdf,MedicareTaxWithheld,5365.75,0.97,2026-05-29 02:21:35.711031
W2_XL_input_clean_1302.pdf,MedicareWagesAndTips,185025.98,0.98,2026-05-29 02:21:35.711050
W2_XL_input_clean_1302.pdf,SSN,122-92-8620,0.99,2026-05-29 02:21:35.711067
W2_XL_input_clean_1302.pdf,SocialSecurityTaxWithheld,17528.25,0.9,2026-05-29 02:21:35.711082
W2_XL_input_clean_1302.pdf,SocialSecurityTips,229127.4,0.99,2026-05-29 02:21:35.711097
W2_XL_input_clean_1302.pdf,SocialSecurityWages,229127.4,0.96,2026-05-29 02:21:35.711112
W2_XL_input_clean_1302.pdf,StateIncomeTax_Line1,7826.56,0.27,2026-05-29 02:21:35.711127
W2_XL_input_clean_1302.pdf,StateWagesTipsEtc_Line1,95868.42,0.16,2026-05-29 02:21:35.711142
W2_XL_input_clean_1302.pdf,WagesTipsOtherCompensation,190174.06,0.98,2026-05-29 02:21:35.711166
W2_XL_input_clean_1302.pdf,a_Code,P,0.7,2026-05-29 02:21:35.711182
W2_XL_input_clean_1302.pdf,a_Value,9020,0.11,2026-05-29 02:21:35.711198
W2_XL_input_clean_1301.pdf,AllocatedTips,198842.11,0.96,2026-05-29 02:22:05.420624
W2_XL_input_clean_1301.pdf,ControlNumber,6699393,0.91,2026-05-29 02:22:05.420709
W2_XL_input_clean_1301.pdf,DependentCareBenefits,287,0.8,2026-05-29 02:22:05.420753
W2_XL_input_clean_1301.pdf,EIN,51-3030992,0.98,2026-05-29 02:22:05.420780
W2_XL_input_clean_1301.pdf,EmployeeAddress_City,Lake Nicholasland,0.87,2026-05-29 02:22:05.420814
W2_XL_input_clean_1301.pdf,EmployeeAddress_State,WV,0.08,2026-05-29 02:22:05.420849
W2_XL_input_clean_1301.pdf,EmployeeAddress_StreetAddressOrPostalBox,3179 David Mission,0.86,2026-05-29 02:22:05.420873
W2_XL_input_clean_1301.pdf,EmployeeAddress_Zip,99171,0.67,2026-05-29 02:22:05.420942
W2_XL_input_clean_1301.pdf,EmployeeName_FirstName,Kathryn,0.98,2026-05-29 02:22:05.420985
W2_XL_input_clean_1301.pdf,EmployeeName_LastName,Sexton,0.95,2026-05-29 02:22:05.421022
W2_XL_input_clean_1301.pdf,EmployerAddress_City,Bakerhaven,0.9,2026-05-29 02:22:05.421051
W2_XL_input_clean_1301.pdf,EmployerAddress_State,CO,0.07,2026-05-29 02:22:05.421067
W2_XL_input_clean_1301.pdf,EmployerAddress_StreetAddressOrPostalBox,1169 Ingram Road Apt. 095,0.62,2026-05-29 02:22:05.421083
W2_XL_input_clean_1301.pdf,EmployerName,Adams-Contreras Group,0.97,2026-05-29 02:22:05.421137
W2_XL_input_clean_1301.pdf,EmployerStateIdNumber_Line1,462-30-013,0.8,2026-05-29 02:22:05.421183
W2_XL_input_clean_1301.pdf,FederalIncomeTaxWithheld,28583.78,0.95,2026-05-29 02:22:05.421220
W2_XL_input_clean_1301.pdf,FormYear,2010,0.81,2026-05-29 02:22:05.421307
W2_XL_input_clean_1301.pdf,LocalIncomeTax_Line1,38915.21,0.77,2026-05-29 02:22:05.421326
W2_XL_input_clean_1301.pdf,LocalWagesTipsEtc_Line1,225371.5,0.38,2026-05-29 02:22:05.421342
W2_XL_input_clean_1301.pdf,LocalityName_Line1,Walker Harbor,0.68,2026-05-29 02:22:05.421357
W2_XL_input_clean_1301.pdf,MedicareTaxWithheld,5766.42,0.97,2026-05-29 02:22:05.421372
W2_XL_input_clean_1301.pdf,MedicareWagesAndTips,198842.11,0.96,2026-05-29 02:22:05.421387
W2_XL_input_clean_1301.pdf,SSN,589-81-7233,0.96,2026-05-29 02:22:05.421401
W2_XL_input_clean_1301.pdf,SocialSecurityTaxWithheld,16281.96,0.89,2026-05-29 02:22:05.421416
W2_XL_input_clean_1301.pdf,SocialSecurityTips,212836.1,0.99,2026-05-29 02:22:05.421430
W2_XL_input_clean_1301.pdf,SocialSecurityWages,212836.1,0.94,2026-05-29 02:22:05.421445
W2_XL_input_clean_1301.pdf,StateIncomeTax_Line1,7121.52,0.61,2026-05-29 02:22:05.421460
W2_XL_input_clean_1301.pdf,StateWagesTipsEtc_Line1,99559.39,0.66,2026-05-29 02:22:05.421474
W2_XL_input_clean_1301.pdf,State_Line1,NY,0.81,2026-05-29 02:22:05.421489
W2_XL_input_clean_1301.pdf,WagesTipsOtherCompensation,195537.08,0.95,2026-05-29 02:22:05.421503
W2_XL_input_clean_1301.pdf,a_Value,5124,0.73,2026-05-29 02:22:05.421517
W2_XL_input_clean_1301.pdf,b_Code,P,0.15,2026-05-29 02:22:05.421533
W2_XL_input_clean_1301.pdf,c_Code,P,0.13,2026-05-29 02:22:05.421547
W2_XL_input_clean_1301.pdf,c_Value,759,0.3,2026-05-29 02:22:05.421562
W2_XL_input_clean_1301.pdf,d_Code,E,0.0,2026-05-29 02:22:05.421578
W2_XL_input_clean_1366.pdf,AllocatedTips,157208.42,0.81,2026-05-29 02:22:26.238940
W2_XL_input_clean_1366.pdf,ControlNumber,7006112,0.91,2026-05-29 02:22:26.239013
W2_XL_input_clean_1366.pdf,DependentCareBenefits,220,0.67,2026-05-29 02:22:26.239034
W2_XL_input_clean_1366.pdf,EIN,31-7487391,0.99,2026-05-29 02:22:26.239051
W2_XL_input_clean_1366.pdf,EmployeeAddress_City,South Michael,0.9,2026-05-29 02:22:26.239067
W2_XL_input_clean_1366.pdf,EmployeeAddress_State,MI,0.08,2026-05-29 02:22:26.239082
W2_XL_input_clean_1366.pdf,EmployeeAddress_StreetAddressOrPostalBox,8195 Catherine Villages Apt. 817,0.79,2026-05-29 02:22:26.239097
W2_XL_input_clean_1366.pdf,EmployeeAddress_Zip,78254,0.79,2026-05-29 02:22:26.239113
W2_XL_input_clean_1366.pdf,EmployeeName_FirstName,Rhonda,0.98,2026-05-29 02:22:26.239129
W2_XL_input_clean_1366.pdf,EmployeeName_LastName,Gonzales,0.97,2026-05-29 02:22:26.239183
W2_XL_input_clean_1366.pdf,EmployerAddress_City,Gravesborough,0.91,2026-05-29 02:22:26.239212
W2_XL_input_clean_1366.pdf,EmployerAddress_State,CO,0.07,2026-05-29 02:22:26.239246
W2_XL_input_clean_1366.pdf,EmployerAddress_StreetAddressOrPostalBox,424 Kimberly Trail Suite 876,0.91,2026-05-29 02:22:26.239261
W2_XL_input_clean_1366.pdf,EmployerAddress_Zip,63895,0.85,2026-05-29 02:22:26.239276
W2_XL_input_clean_1366.pdf,EmployerName,Walsh-Hamilton Inc,0.98,2026-05-29 02:22:26.239291
W2_XL_input_clean_1366.pdf,EmployerStateIdNumber_Line1,344-39-669,0.33,2026-05-29 02:22:26.239306
W2_XL_input_clean_1366.pdf,FederalIncomeTaxWithheld,55982.22,0.93,2026-05-29 02:22:26.239321
W2_XL_input_clean_1366.pdf,FormYear,2010,0.83,2026-05-29 02:22:26.239335
W2_XL_input_clean_1366.pdf,LocalIncomeTax_Line1,25283.27,0.84,2026-05-29 02:22:26.239350
W2_XL_input_clean_1366.pdf,LocalWagesTipsEtc_Line1,113495.43,0.52,2026-05-29 02:22:26.239365
W2_XL_input_clean_1366.pdf,LocalityName_Line1,Michael Light,0.74,2026-05-29 02:22:26.239380
W2_XL_input_clean_1366.pdf,MedicareTaxWithheld,4559.04,0.96,2026-05-29 02:22:26.239395
W2_XL_input_clean_1366.pdf,MedicareWagesAndTips,157208.42,0.97,2026-05-29 02:22:26.239409
W2_XL_input_clean_1366.pdf,NonqualifiedPlans,188,0.35,2026-05-29 02:22:26.239424
W2_XL_input_clean_1366.pdf,SSN,697-41-4925,0.99,2026-05-29 02:22:26.239451
W2_XL_input_clean_1366.pdf,SocialSecurityTaxWithheld,13114.79,0.95,2026-05-29 02:22:26.239466
W2_XL_input_clean_1366.pdf,SocialSecurityTips,171435.21,0.99,2026-05-29 02:22:26.239481
W2_XL_input_clean_1366.pdf,SocialSecurityWages,171435.21,0.98,2026-05-29 02:22:26.239496
W2_XL_input_clean_1366.pdf,StateIncomeTax_Line1,2800.88,0.35,2026-05-29 02:22:26.239510
W2_XL_input_clean_1366.pdf,StateWagesTipsEtc_Line1,80419.45,0.4,2026-05-29 02:22:26.239525
W2_XL_input_clean_1366.pdf,State_Line1,MN,0.85,2026-05-29 02:22:26.239539
W2_XL_input_clean_1366.pdf,WagesTipsOtherCompensation,152555.49,0.97,2026-05-29 02:22:26.239554
W2_XL_input_clean_1366.pdf,a_Code,D,0.67,2026-05-29 02:22:26.239569
W2_XL_input_clean_1366.pdf,a_Value,3028,0.19,2026-05-29 02:22:26.239585
W2_XL_input_clean_1366.pdf,b_Code,G,0.47,2026-05-29 02:22:26.239600
W2_XL_input_clean_1366.pdf,c_Code,E,0.44,2026-05-29 02:22:26.239615
W2_XL_input_clean_1366.pdf,c_Value,168,0.25,2026-05-29 02:22:26.239629
W2_XL_input_clean_1057.pdf,AllocatedTips,76369.08,0.94,2026-05-29 02:22:37.680229
W2_XL_input_clean_1057.pdf,ControlNumber,2400254,0.92,2026-05-29 02:22:37.680329
W2_XL_input_clean_1057.pdf,DependentCareBenefits,284,0.78,2026-05-29 02:22:37.680370
W2_XL_input_clean_1057.pdf,EIN,92-8733053,0.99,2026-05-29 02:22:37.680391
W2_XL_input_clean_1057.pdf,EmployeeAddress_City,North Jillian,0.88,2026-05-29 02:22:37.680408
W2_XL_input_clean_1057.pdf,EmployeeAddress_State,IL,0.08,2026-05-29 02:22:37.680424
W2_XL_input_clean_1057.pdf,EmployeeAddress_StreetAddressOrPostalBox,3589 Mark Knolls Suite 263,0.76,2026-05-29 02:22:37.680439
W2_XL_input_clean_1057.pdf,EmployeeAddress_Zip,07886,0.84,2026-05-29 02:22:37.680459
W2_XL_input_clean_1057.pdf,EmployeeName_FirstName,Cassandra,0.97,2026-05-29 02:22:37.680475
W2_XL_input_clean_1057.pdf,EmployeeName_LastName,Gonzalez,0.96,2026-05-29 02:22:37.680490
W2_XL_input_clean_1057.pdf,EmployerAddress_City,Travisshire,0.96,2026-05-29 02:22:37.680506
W2_XL_input_clean_1057.pdf,EmployerAddress_State,MT,0.07,2026-05-29 02:22:37.680561
W2_XL_input_clean_1057.pdf,EmployerAddress_StreetAddressOrPostalBox,65571 Robinson Island,0.3,2026-05-29 02:22:37.680587
W2_XL_input_clean_1057.pdf,EmployerAddress_Zip,35859,0.89,2026-05-29 02:22:37.680603
W2_XL_input_clean_1057.pdf,EmployerName,Larsen Ltd Inc,0.97,2026-05-29 02:22:37.680619
W2_XL_input_clean_1057.pdf,EmployerStateIdNumber_Line1,335-97-977,0.88,2026-05-29 02:22:37.680635
W2_XL_input_clean_1057.pdf,FederalIncomeTaxWithheld,18544.19,0.96,2026-05-29 02:22:37.680650
W2_XL_input_clean_1057.pdf,FormYear,2010,0.83,2026-05-29 02:22:37.680664
W2_XL_input_clean_1057.pdf,LocalIncomeTax_Line1,13799.6,0.61,2026-05-29 02:22:37.680679
W2_XL_input_clean_1057.pdf,LocalWagesTipsEtc_Line1,93578.91,0.64,2026-05-29 02:22:37.680694
W2_XL_input_clean_1057.pdf,LocalityName_Line1,Meza Spring,0.72,2026-05-29 02:22:37.680709
W2_XL_input_clean_1057.pdf,MedicareTaxWithheld,2214.7,0.98,2026-05-29 02:22:37.680725
W2_XL_input_clean_1057.pdf,MedicareWagesAndTips,76369.08,0.96,2026-05-29 02:22:37.680739
W2_XL_input_clean_1057.pdf,SSN,550-79-0373,0.98,2026-05-29 02:22:37.680754
W2_XL_input_clean_1057.pdf,SocialSecurityTaxWithheld,6491.41,0.96,2026-05-29 02:22:37.680769
W2_XL_input_clean_1057.pdf,SocialSecurityTips,84855.08,0.98,2026-05-29 02:22:37.680783
W2_XL_input_clean_1057.pdf,SocialSecurityWages,84855.08,0.97,2026-05-29 02:22:37.680798
W2_XL_input_clean_1057.pdf,StateIncomeTax_Line1,1589.99,0.59,2026-05-29 02:22:37.680812
W2_XL_input_clean_1057.pdf,StateWagesTipsEtc_Line1,43787.99,0.52,2026-05-29 02:22:37.680826
W2_XL_input_clean_1057.pdf,State_Line1,WI,0.8,2026-05-29 02:22:37.680841
W2_XL_input_clean_1057.pdf,WagesTipsOtherCompensation,79969.74,0.97,2026-05-29 02:22:37.680855
W2_XL_input_clean_1057.pdf,a_Value,3837,0.86,2026-05-29 02:22:37.680875
W2_XL_input_clean_1057.pdf,b_Code,G,0.68,2026-05-29 02:22:37.680891
W2_XL_input_clean_1057.pdf,b_Value,486,0.14,2026-05-29 02:22:37.680906
W2_XL_input_clean_1057.pdf,c_Value,675,0.76,2026-05-29 02:22:37.680920
W2_XL_input_clean_1194.pdf,AllocatedTips,266239.84,0.96,2026-05-29 02:23:05.167933
W2_XL_input_clean_1194.pdf,ControlNumber,5676287,0.89,2026-05-29 02:23:05.168007
W2_XL_input_clean_1194.pdf,DependentCareBenefits,249,0.83,2026-05-29 02:23:05.168038
W2_XL_input_clean_1194.pdf,EIN,87-8865523,0.98,2026-05-29 02:23:05.168068
W2_XL_input_clean_1194.pdf,EmployeeAddress_City,Edwardton,0.92,2026-05-29 02:23:05.168092
W2_XL_input_clean_1194.pdf,EmployeeAddress_State,MT,0.08,2026-05-29 02:23:05.168126
W2_XL_input_clean_1194.pdf,EmployeeAddress_StreetAddressOrPostalBox,29243 Blackwell Well Suite 860,0.77,2026-05-29 02:23:05.168179
W2_XL_input_clean_1194.pdf,EmployeeAddress_Zip,69469,0.88,2026-05-29 02:23:05.168219
W2_XL_input_clean_1194.pdf,EmployeeName_FirstName,Emily,0.96,2026-05-29 02:23:05.168283
W2_XL_input_clean_1194.pdf,EmployeeName_LastName,Schwartz,0.75,2026-05-29 02:23:05.168314
W2_XL_input_clean_1194.pdf,EmployerAddress_City,Jaclynchester,0.85,2026-05-29 02:23:05.168331
W2_XL_input_clean_1194.pdf,EmployerAddress_State,OR,0.07,2026-05-29 02:23:05.168348
W2_XL_input_clean_1194.pdf,EmployerAddress_StreetAddressOrPostalBox,1880 Hayes Islands Apt. 615,0.82,2026-05-29 02:23:05.168364
W2_XL_input_clean_1194.pdf,EmployerName,Reyes-Hill LLC,0.94,2026-05-29 02:23:05.168379
W2_XL_input_clean_1194.pdf,EmployerStateIdNumber_Line1,847-12-031,0.58,2026-05-29 02:23:05.168443
W2_XL_input_clean_1194.pdf,FederalIncomeTaxWithheld,42494.34,0.96,2026-05-29 02:23:05.168461
W2_XL_input_clean_1194.pdf,FormYear,2010,0.84,2026-05-29 02:23:05.168477
W2_XL_input_clean_1194.pdf,LocalIncomeTax_Line1,27654.73,0.81,2026-05-29 02:23:05.168494
W2_XL_input_clean_1194.pdf,LocalWagesTipsEtc_Line1,245231.01,0.58,2026-05-29 02:23:05.168509
W2_XL_input_clean_1194.pdf,LocalityName_Line1,Bautista Land,0.75,2026-05-29 02:23:05.168524
W2_XL_input_clean_1194.pdf,MedicareTaxWithheld,7720.96,0.97,2026-05-29 02:23:05.168538
W2_XL_input_clean_1194.pdf,MedicareWagesAndTips,266239.84,0.95,2026-05-29 02:23:05.168553
W2_XL_input_clean_1194.pdf,NonqualifiedPlans,294,0.04,2026-05-29 02:23:05.168568
W2_XL_input_clean_1194.pdf,SSN,334-71-1267,0.97,2026-05-29 02:23:05.168583
W2_XL_input_clean_1194.pdf,SocialSecurityTaxWithheld,16891.38,0.93,2026-05-29 02:23:05.168598
W2_XL_input_clean_1194.pdf,SocialSecurityTips,220802.33,0.99,2026-05-29 02:23:05.168628
W2_XL_input_clean_1194.pdf,SocialSecurityWages,220802.33,0.9,2026-05-29 02:23:05.168670
W2_XL_input_clean_1194.pdf,StateIncomeTax_Line1,13839.98,0.45,2026-05-29 02:23:05.168715
W2_XL_input_clean_1194.pdf,StateWagesTipsEtc_Line1,111099.2,0.24,2026-05-29 02:23:05.168746
W2_XL_input_clean_1194.pdf,State_Line1,CO,0.76,2026-05-29 02:23:05.168763
W2_XL_input_clean_1194.pdf,WagesTipsOtherCompensation,235478.21,0.97,2026-05-29 02:23:05.168779
W2_XL_input_clean_1194.pdf,a_Code,D,0.59,2026-05-29 02:23:05.168795
W2_XL_input_clean_1194.pdf,a_Value,3378,0.22,2026-05-29 02:23:05.168810
W2_XL_input_clean_1194.pdf,b_Code,D,0.43,2026-05-29 02:23:05.168825
W2_XL_input_clean_1194.pdf,c_Code,E,0.67,2026-05-29 02:23:05.168840
W2_XL_input_clean_1194.pdf,c_Value,357,0.45,2026-05-29 02:23:05.168856
W2_XL_input_clean_1194.pdf,d_Code,P,0.0,2026-05-29 02:23:05.168874
W2_XL_input_clean_1379.pdf,AllocatedTips,131703.56,0.97,2026-05-29 02:23:18.020038
W2_XL_input_clean_1379.pdf,ControlNumber,6437091,0.88,2026-05-29 02:23:18.020127
W2_XL_input_clean_1379.pdf,DependentCareBenefits,208,0.73,2026-05-29 02:23:18.020159
W2_XL_input_clean_1379.pdf,EIN,59-9131589,0.99,2026-05-29 02:23:18.020185
W2_XL_input_clean_1379.pdf,EmployeeAddress_City,Keithville,0.91,2026-05-29 02:23:18.020209
W2_XL_input_clean_1379.pdf,EmployeeAddress_State,ND,0.07,2026-05-29 02:23:18.020238
W2_XL_input_clean_1379.pdf,EmployeeAddress_StreetAddressOrPostalBox,1669 Burgess Groves Apt. 368,0.74,2026-05-29 02:23:18.020286
W2_XL_input_clean_1379.pdf,EmployeeAddress_Zip,20447,0.88,2026-05-29 02:23:18.020313
W2_XL_input_clean_1379.pdf,EmployeeName_FirstName,Sarah,0.79,2026-05-29 02:23:18.020354
W2_XL_input_clean_1379.pdf,EmployeeName_LastName,Bell,0.86,2026-05-29 02:23:18.020393
W2_XL_input_clean_1379.pdf,EmployerAddress_City,Alexandriaborough,0.96,2026-05-29 02:23:18.020432
W2_XL_input_clean_1379.pdf,EmployerAddress_State,HI,0.07,2026-05-29 02:23:18.020462
W2_XL_input_clean_1379.pdf,EmployerAddress_StreetAddressOrPostalBox,27589 Zuniga Walks Suite 719,0.72,2026-05-29 02:23:18.020479
W2_XL_input_clean_1379.pdf,EmployerAddress_Zip,56921-3716,0.94,2026-05-29 02:23:18.020495
W2_XL_input_clean_1379.pdf,EmployerName,Anderson-Anderson Inc,0.96,2026-05-29 02:23:18.020511
W2_XL_input_clean_1379.pdf,EmployerStateIdNumber_Line1,329-16-291,0.37,2026-05-29 02:23:18.020527
W2_XL_input_clean_1379.pdf,FederalIncomeTaxWithheld,17264.01,0.97,2026-05-29 02:23:18.020542
W2_XL_input_clean_1379.pdf,FormYear,2010,0.79,2026-05-29 02:23:18.020558
W2_XL_input_clean_1379.pdf,LocalIncomeTax_Line1,23574.42,0.79,2026-05-29 02:23:18.020574
W2_XL_input_clean_1379.pdf,LocalWagesTipsEtc_Line1,161412.88,0.75,2026-05-29 02:23:18.020589
W2_XL_input_clean_1379.pdf,LocalityName_Line1,Rebecca Route,0.77,2026-05-29 02:23:18.020604
W2_XL_input_clean_1379.pdf,MedicareTaxWithheld,3819.4,0.97,2026-05-29 02:23:18.020619
W2_XL_input_clean_1379.pdf,MedicareWagesAndTips,131703.56,0.91,2026-05-29 02:23:18.020634
W2_XL_input_clean_1379.pdf,SSN,432-64-5980,0.99,2026-05-29 02:23:18.020649
W2_XL_input_clean_1379.pdf,SocialSecurityTaxWithheld,9193.29,0.97,2026-05-29 02:23:18.020664
W2_XL_input_clean_1379.pdf,SocialSecurityTips,120173.72,0.99,2026-05-29 02:23:18.020685
W2_XL_input_clean_1379.pdf,SocialSecurityWages,120173.72,0.81,2026-05-29 02:23:18.020700
W2_XL_input_clean_1379.pdf,StateIncomeTax_Line1,4379.82,0.55,2026-05-29 02:23:18.020733
W2_XL_input_clean_1379.pdf,StateWagesTipsEtc_Line1,62646.41,0.43,2026-05-29 02:23:18.020749
W2_XL_input_clean_1379.pdf,State_Line1,SC,0.84,2026-05-29 02:23:18.020763
W2_XL_input_clean_1379.pdf,WagesTipsOtherCompensation,124462.51,0.98,2026-05-29 02:23:18.020779
W2_XL_input_clean_1379.pdf,a_Value,9250,0.36,2026-05-29 02:23:18.020795
W2_XL_input_clean_1379.pdf,b_Value,140,0.36,2026-05-29 02:23:18.020810
W2_XL_input_clean_1379.pdf,c_Value,232,0.43,2026-05-29 02:23:18.020824
W2_XL_input_clean_1003.pdf,AllocatedTips,299378.97,0.97,2026-05-29 02:23:29.095621
W2_XL_input_clean_1003.pdf,ControlNumber,2008341,0.91,2026-05-29 02:23:29.095674
W2_XL_input_clean_1003.pdf,DependentCareBenefits,260,0.58,2026-05-29 02:23:29.095693
W2_XL_input_clean_1003.pdf,EIN,25-0924379,0.99,2026-05-29 02:23:29.095711
W2_XL_input_clean_1003.pdf,EmployeeAddress_City,New Meredithstad,0.84,2026-05-29 02:23:29.095726
W2_XL_input_clean_1003.pdf,EmployeeAddress_State,MI,0.08,2026-05-29 02:23:29.095742
W2_XL_input_clean_1003.pdf,EmployeeAddress_StreetAddressOrPostalBox,6503 John Stream,0.84,2026-05-29 02:23:29.095757
W2_XL_input_clean_1003.pdf,EmployeeAddress_Zip,19628,0.75,2026-05-29 02:23:29.095772
W2_XL_input_clean_1003.pdf,EmployeeName_FirstName,Mitchell,0.9,2026-05-29 02:23:29.095787
W2_XL_input_clean_1003.pdf,EmployeeName_LastName,Allen,0.93,2026-05-29 02:23:29.095802
W2_XL_input_clean_1003.pdf,EmployerAddress_City,South Jamesstad,0.66,2026-05-29 02:23:29.095816
W2_XL_input_clean_1003.pdf,EmployerAddress_State,MN,0.07,2026-05-29 02:23:29.095831
W2_XL_input_clean_1003.pdf,EmployerAddress_StreetAddressOrPostalBox,560 Munoz Mills Suite 766,0.62,2026-05-29 02:23:29.095846
W2_XL_input_clean_1003.pdf,EmployerName,Mcdonald-Harris Inc,0.96,2026-05-29 02:23:29.095861
W2_XL_input_clean_1003.pdf,EmployerStateIdNumber_Line1,299-54-060,0.84,2026-05-29 02:23:29.095875
W2_XL_input_clean_1003.pdf,FederalIncomeTaxWithheld,32110.03,0.97,2026-05-29 02:23:29.095890
W2_XL_input_clean_1003.pdf,FormYear,2010,0.83,2026-05-29 02:23:29.095905
W2_XL_input_clean_1003.pdf,LocalIncomeTax_Line1,31747.52,0.64,2026-05-29 02:23:29.095920
W2_XL_input_clean_1003.pdf,LocalWagesTipsEtc_Line1,249135.85,0.54,2026-05-29 02:23:29.095934
W2_XL_input_clean_1003.pdf,LocalityName_Line1,Francis Motorway,0.65,2026-05-29 02:23:29.095949
W2_XL_input_clean_1003.pdf,MedicareTaxWithheld,8681.99,0.97,2026-05-29 02:23:29.095964
W2_XL_input_clean_1003.pdf,MedicareWagesAndTips,299378.97,0.94,2026-05-29 02:23:29.095979
W2_XL_input_clean_1003.pdf,SSN,691-53-3104,0.97,2026-05-29 02:23:29.095993
W2_XL_input_clean_1003.pdf,SocialSecurityTaxWithheld,22601.15,0.94,2026-05-29 02:23:29.096008
W2_XL_input_clean_1003.pdf,SocialSecurityTips,295439.81,0.99,2026-05-29 02:23:29.096022
W2_XL_input_clean_1003.pdf,SocialSecurityWages,295439.81,0.9,2026-05-29 02:23:29.096037
W2_XL_input_clean_1003.pdf,StateIncomeTax_Line1,9955.95,0.77,2026-05-29 02:23:29.096053
W2_XL_input_clean_1003.pdf,StateWagesTipsEtc_Line1,108724.18,0.67,2026-05-29 02:23:29.096068
W2_XL_input_clean_1003.pdf,State_Line1,PA,0.77,2026-05-29 02:23:29.096082
W2_XL_input_clean_1003.pdf,WagesTipsOtherCompensation,238401.8,0.97,2026-05-29 02:23:29.096096
W2_XL_input_clean_1003.pdf,a_Code,E,0.48,2026-05-29 02:23:29.096112
W2_XL_input_clean_1003.pdf,a_Value,1500,0.23,2026-05-29 02:23:29.096135
W2_XL_input_clean_1003.pdf,b_Code,G,0.32,2026-05-29 02:23:29.096150
W2_XL_input_clean_1003.pdf,c_Code,P,0.32,2026-05-29 02:23:29.096166
W2_XL_input_clean_1003.pdf,c_Value,641,0.35,2026-05-29 02:23:29.096181
W2_XL_input_clean_1003.pdf,d_Code,H,0.0,2026-05-29 02:23:29.096197
W2_XL_input_clean_1101.pdf,AllocatedTips,112023.34,0.86,2026-05-29 02:23:42.160567
W2_XL_input_clean_1101.pdf,ControlNumber,5839633,0.93,2026-05-29 02:23:42.160627
W2_XL_input_clean_1101.pdf,DependentCareBenefits,190,0.52,2026-05-29 02:23:42.160655
W2_XL_input_clean_1101.pdf,EIN,82-1284098,0.99,2026-05-29 02:23:42.160690
W2_XL_input_clean_1101.pdf,EmployeeAddress_State,OR,0.03,2026-05-29 02:23:42.160718
W2_XL_input_clean_1101.pdf,EmployeeAddress_StreetAddressOrPostalBox,070 Thomas Springs,0.73,2026-05-29 02:23:42.160734
W2_XL_input_clean_1101.pdf,EmployeeName_FirstName,Olivia,0.97,2026-05-29 02:23:42.160749
W2_XL_input_clean_1101.pdf,EmployeeName_LastName,Clark,0.96,2026-05-29 02:23:42.160765
W2_XL_input_clean_1101.pdf,EmployerAddress_City,South Cynthiamouth,0.3,2026-05-29 02:23:42.160781
W2_XL_input_clean_1101.pdf,EmployerAddress_State,NH,0.07,2026-05-29 02:23:42.160796
W2_XL_input_clean_1101.pdf,EmployerAddress_StreetAddressOrPostalBox,562 Summers Mills Suite 675,0.9,2026-05-29 02:23:42.160811
W2_XL_input_clean_1101.pdf,EmployerAddress_Zip,29645,0.9,2026-05-29 02:23:42.160862
W2_XL_input_clean_1101.pdf,EmployerName,Fernandez-Mason PLC,0.96,2026-05-29 02:23:42.160893
W2_XL_input_clean_1101.pdf,EmployerStateIdNumber_Line1,912-53-562,0.62,2026-05-29 02:23:42.160909
W2_XL_input_clean_1101.pdf,FederalIncomeTaxWithheld,29259.09,0.94,2026-05-29 02:23:42.160923
W2_XL_input_clean_1101.pdf,FormYear,2010,0.83,2026-05-29 02:23:42.160938
W2_XL_input_clean_1101.pdf,LocalIncomeTax_Line1,10584,0.6,2026-05-29 02:23:42.160953
W2_XL_input_clean_1101.pdf,LocalWagesTipsEtc_Line1,67315.0,0.25,2026-05-29 02:23:42.160968
W2_XL_input_clean_1101.pdf,LocalityName_Line1,Burgess Fords,0.71,2026-05-29 02:23:42.160983
W2_XL_input_clean_1101.pdf,MedicareTaxWithheld,3248.68,0.96,2026-05-29 02:23:42.160998
W2_XL_input_clean_1101.pdf,MedicareWagesAndTips,112023.34,0.96,2026-05-29 02:23:42.161019
W2_XL_input_clean_1101.pdf,SSN,374-59-0391,0.98,2026-05-29 02:23:42.161034
W2_XL_input_clean_1101.pdf,SocialSecurityTaxWithheld,5404.78,0.94,2026-05-29 02:23:42.161049
W2_XL_input_clean_1101.pdf,SocialSecurityTips,70650.69,0.97,2026-05-29 02:23:42.161063
W2_XL_input_clean_1101.pdf,SocialSecurityWages,70650.69,0.97,2026-05-29 02:23:42.161078
W2_XL_input_clean_1101.pdf,StateIncomeTax_Line1,4649.12,0.63,2026-05-29 02:23:42.161093
W2_XL_input_clean_1101.pdf,StateWagesTipsEtc_Line1,42272.71,0.57,2026-05-29 02:23:42.161107
W2_XL_input_clean_1101.pdf,State_Line1,ND,0.92,2026-05-29 02:23:42.161122
W2_XL_input_clean_1101.pdf,WagesTipsOtherCompensation,88798.14,0.95,2026-05-29 02:23:42.161168
W2_XL_input_clean_1101.pdf,a_Value,9414,0.83,2026-05-29 02:23:42.161213
W2_XL_input_clean_1101.pdf,b_Code,H,0.5,2026-05-29 02:23:42.161278
W2_XL_input_clean_1101.pdf,c_Code,D,0.72,2026-05-29 02:23:42.161306
W2_XL_input_clean_1101.pdf,c_Value,595,0.49,2026-05-29 02:23:42.161322
W2_XL_input_clean_1101.pdf,d_Value,351,0.14,2026-05-29 02:23:42.161338
W2_XL_input_noisy_2963.pdf,EmployeeAddress_State,"MA,",0.01,2026-05-29 02:25:19.918417
W2_XL_input_noisy_2963.pdf,EmployerAddress_City,Josephbury,0.81,2026-05-29 02:25:19.918502
W2_XL_input_noisy_2963.pdf,EmployerAddress_StreetAddressOrPostalBox,180 Clark Road),0.88,2026-05-29 02:25:19.918524
W2_XL_input_noisy_2963.pdf,FormYear,2010,0.96,2026-05-29 02:25:19.918548
W2_XL_input_clean_1229.pdf,AllocatedTips,64160.36,0.89,2026-05-29 02:25:39.605703
W2_XL_input_clean_1229.pdf,ControlNumber,791336,0.92,2026-05-29 02:25:39.605762
W2_XL_input_clean_1229.pdf,DependentCareBenefits,224,0.56,2026-05-29 02:25:39.605782
W2_XL_input_clean_1229.pdf,EIN,74-9002279,0.98,2026-05-29 02:25:39.605800
W2_XL_input_clean_1229.pdf,EmployeeAddress_City,Stacyton,0.95,2026-05-29 02:25:39.605816
W2_XL_input_clean_1229.pdf,EmployeeAddress_State,UT,0.09,2026-05-29 02:25:39.605832
W2_XL_input_clean_1229.pdf,EmployeeAddress_StreetAddressOrPostalBox,5786 Christopher Circles,0.85,2026-05-29 02:25:39.605848
W2_XL_input_clean_1229.pdf,EmployeeAddress_Zip,01070,0.86,2026-05-29 02:25:39.605864
W2_XL_input_clean_1229.pdf,EmployeeName_FirstName,Michael,0.92,2026-05-29 02:25:39.605879
W2_XL_input_clean_1229.pdf,EmployeeName_LastName,Rasmussen,0.95,2026-05-29 02:25:39.605895
W2_XL_input_clean_1229.pdf,EmployerAddress_City,East Davidside,0.86,2026-05-29 02:25:39.605910
W2_XL_input_clean_1229.pdf,EmployerAddress_State,MD,0.07,2026-05-29 02:25:39.605925
W2_XL_input_clean_1229.pdf,EmployerAddress_StreetAddressOrPostalBox,1646 Justin Groves Suite 259,0.8,2026-05-29 02:25:39.605941
W2_XL_input_clean_1229.pdf,EmployerAddress_Zip,45021-6141,0.92,2026-05-29 02:25:39.605956
W2_XL_input_clean_1229.pdf,EmployerName,Smith-Duarte Group,0.98,2026-05-29 02:25:39.605971
W2_XL_input_clean_1229.pdf,EmployerStateIdNumber_Line1,996-89-378,0.65,2026-05-29 02:25:39.605986
W2_XL_input_clean_1229.pdf,FederalIncomeTaxWithheld,12967.3,0.89,2026-05-29 02:25:39.606001
W2_XL_input_clean_1229.pdf,FormYear,2010,0.88,2026-05-29 02:25:39.606026
W2_XL_input_clean_1229.pdf,LocalIncomeTax_Line1,10536.02,0.83,2026-05-29 02:25:39.606043
W2_XL_input_clean_1229.pdf,LocalWagesTipsEtc_Line1,41304.86,0.66,2026-05-29 02:25:39.606059
W2_XL_input_clean_1229.pdf,LocalityName_Line1,Hill Dale,0.83,2026-05-29 02:25:39.606074
W2_XL_input_clean_1229.pdf,MedicareTaxWithheld,1860.65,0.96,2026-05-29 02:25:39.606089
W2_XL_input_clean_1229.pdf,MedicareWagesAndTips,64160.36,0.95,2026-05-29 02:25:39.606103
W2_XL_input_clean_1229.pdf,NonqualifiedPlans,105,0.05,2026-05-29 02:25:39.606118
W2_XL_input_clean_1229.pdf,SSN,466-76-5384,0.99,2026-05-29 02:25:39.606133
W2_XL_input_clean_1229.pdf,SocialSecurityTaxWithheld,5305.67,0.94,2026-05-29 02:25:39.606147
W2_XL_input_clean_1229.pdf,SocialSecurityTips,69355.19,0.98,2026-05-29 02:25:39.606162
W2_XL_input_clean_1229.pdf,SocialSecurityWages,69355.19,0.95,2026-05-29 02:25:39.606176
W2_XL_input_clean_1229.pdf,StateIncomeTax_Line1,2116.04,0.62,2026-05-29 02:25:39.606191
W2_XL_input_clean_1229.pdf,StateWagesTipsEtc_Line1,25852.5,0.48,2026-05-29 02:25:39.606205
W2_XL_input_clean_1229.pdf,State_Line1,CT,0.95,2026-05-29 02:25:39.606220
W2_XL_input_clean_1229.pdf,WagesTipsOtherCompensation,56486.19,0.96,2026-05-29 02:25:39.606257
W2_XL_input_clean_1229.pdf,a_Code,H,0.64,2026-05-29 02:25:39.606273
W2_XL_input_clean_1229.pdf,a_Value,2833,0.18,2026-05-29 02:25:39.606288
W2_XL_input_clean_1229.pdf,b_Value,854,0.55,2026-05-29 02:25:39.606303
W2_XL_input_clean_1229.pdf,c_Value,854,0.58,2026-05-29 02:25:39.606317
W2_XL_input_clean_1229.pdf,d_Code,H,0.0,2026-05-29 02:25:39.606332
W2_XL_input_noisy_2950.pdf,EmployeeAddress_StreetAddressOrPostalBox,387 Burton Fords Ap,0.61,2026-05-29 02:27:10.974456
W2_XL_input_noisy_2950.pdf,EmployeeName_FirstName,Samantha,0.5,2026-05-29 02:27:10.974567
W2_XL_input_noisy_2950.pdf,EmployeeName_LastName,Martinez,0.74,2026-05-29 02:27:10.974599
W2_XL_input_noisy_2950.pdf,EmployerAddress_StreetAddressOrPostalBox,972 Gonzalez Dan,0.42,2026-05-29 02:27:10.974616
W2_XL_input_noisy_2950.pdf,FormYear,2010,0.97,2026-05-29 02:27:10.974633
W2_XL_input_clean_1346.pdf,AllocatedTips,170764.83,0.92,2026-05-29 02:27:35.106928
W2_XL_input_clean_1346.pdf,ControlNumber,5814845,0.93,2026-05-29 02:27:35.107021
W2_XL_input_clean_1346.pdf,DependentCareBenefits,168,0.86,2026-05-29 02:27:35.107053
W2_XL_input_clean_1346.pdf,EIN,02-7071860,0.98,2026-05-29 02:27:35.107079
W2_XL_input_clean_1346.pdf,EmployeeAddress_StreetAddressOrPostalBox,63332 Thomas Well,0.52,2026-05-29 02:27:35.107108
W2_XL_input_clean_1346.pdf,EmployeeName_FirstName,Sarah,0.97,2026-05-29 02:27:35.107147
W2_XL_input_clean_1346.pdf,EmployeeName_LastName,Brandt,0.96,2026-05-29 02:27:35.107189
W2_XL_input_clean_1346.pdf,EmployerAddress_City,Lake Jennifer,0.76,2026-05-29 02:27:35.107228
W2_XL_input_clean_1346.pdf,EmployerAddress_State,MS,0.07,2026-05-29 02:27:35.107307
W2_XL_input_clean_1346.pdf,EmployerAddress_StreetAddressOrPostalBox,2806 Page Heights,0.84,2026-05-29 02:27:35.107343
W2_XL_input_clean_1346.pdf,EmployerName,"Garcia, Campbell and Wheeler Ltd",0.96,2026-05-29 02:27:35.107361
W2_XL_input_clean_1346.pdf,EmployerStateIdNumber_Line1,990-61-500,0.72,2026-05-29 02:27:35.107378
W2_XL_input_clean_1346.pdf,FederalIncomeTaxWithheld,69286.45,0.74,2026-05-29 02:27:35.107394
W2_XL_input_clean_1346.pdf,FormYear,2010,0.62,2026-05-29 02:27:35.107410
W2_XL_input_clean_1346.pdf,LocalIncomeTax_Line1,35530.75,0.76,2026-05-29 02:27:35.107430
W2_XL_input_clean_1346.pdf,LocalWagesTipsEtc_Line1,171984.85,0.84,2026-05-29 02:27:35.107446
W2_XL_input_clean_1346.pdf,LocalityName_Line1,Cooper Summit,0.52,2026-05-29 02:27:35.107461
W2_XL_input_clean_1346.pdf,MedicareTaxWithheld,4952.18,0.97,2026-05-29 02:27:35.107476
W2_XL_input_clean_1346.pdf,MedicareWagesAndTips,170764.83,0.97,2026-05-29 02:27:35.107491
W2_XL_input_clean_1346.pdf,NonqualifiedPlans,217,0.08,2026-05-29 02:27:35.107505
W2_XL_input_clean_1346.pdf,SSN,688-20-2674,0.98,2026-05-29 02:27:35.107520
W2_XL_input_clean_1346.pdf,SocialSecurityTaxWithheld,16059.14,0.94,2026-05-29 02:27:35.107534
W2_XL_input_clean_1346.pdf,SocialSecurityTips,209923.44,0.99,2026-05-29 02:27:35.107549
W2_XL_input_clean_1346.pdf,SocialSecurityWages,209923.44,0.96,2026-05-29 02:27:35.107563
W2_XL_input_clean_1346.pdf,StateIncomeTax_Line1,7951.91,0.77,2026-05-29 02:27:35.107578
W2_XL_input_clean_1346.pdf,StateWagesTipsEtc_Line1,116250.19,0.78,2026-05-29 02:27:35.107592
W2_XL_input_clean_1346.pdf,State_Line1,MT,0.96,2026-05-29 02:27:35.107607
W2_XL_input_clean_1346.pdf,WagesTipsOtherCompensation,232099.75,0.96,2026-05-29 02:27:35.107622
W2_XL_input_clean_1346.pdf,a_Value,7738,0.63,2026-05-29 02:27:35.107636
W2_XL_input_clean_1346.pdf,b_Value,516,0.25,2026-05-29 02:27:35.107651
W2_XL_input_clean_1346.pdf,c_Code,H,0.13,2026-05-29 02:27:35.107666
W2_XL_input_clean_1346.pdf,c_Value,973,0.41,2026-05-29 02:27:35.107681
W2_XL_input_clean_1346.pdf,d_Code,G,0.0,2026-05-29 02:27:35.107697
W2_XL_input_clean_1140.pdf,AllocatedTips,131289.77,0.97,2026-05-29 02:27:46.046587
W2_XL_input_clean_1140.pdf,ControlNumber,6313112,0.89,2026-05-29 02:27:46.046670
W2_XL_input_clean_1140.pdf,DependentCareBenefits,223,0.66,2026-05-29 02:27:46.046700
W2_XL_input_clean_1140.pdf,EIN,34-3781501,0.93,2026-05-29 02:27:46.046734
W2_XL_input_clean_1140.pdf,EmployeeAddress_City,Foleyville,0.94,2026-05-29 02:27:46.046762
W2_XL_input_clean_1140.pdf,EmployeeAddress_State,VA,0.08,2026-05-29 02:27:46.046784
W2_XL_input_clean_1140.pdf,EmployeeAddress_StreetAddressOrPostalBox,28741 Raymond Center,0.61,2026-05-29 02:27:46.046820
W2_XL_input_clean_1140.pdf,EmployeeAddress_Zip,82076,0.89,2026-05-29 02:27:46.046862
W2_XL_input_clean_1140.pdf,EmployeeName_FirstName,Lisa,0.97,2026-05-29 02:27:46.046899
W2_XL_input_clean_1140.pdf,EmployeeName_LastName,Brewer,0.95,2026-05-29 02:27:46.046933
W2_XL_input_clean_1140.pdf,EmployerAddress_City,East Angelica,0.86,2026-05-29 02:27:46.046950
W2_XL_input_clean_1140.pdf,EmployerAddress_State,NJ,0.07,2026-05-29 02:27:46.046965
W2_XL_input_clean_1140.pdf,EmployerAddress_StreetAddressOrPostalBox,4890 Michelle Mall,0.74,2026-05-29 02:27:46.046981
W2_XL_input_clean_1140.pdf,EmployerName,"Weber, Skinner and Fuller Ltd",0.92,2026-05-29 02:27:46.046996
W2_XL_input_clean_1140.pdf,EmployerStateIdNumber_Line1,608-18-415,0.58,2026-05-29 02:27:46.047010
W2_XL_input_clean_1140.pdf,FederalIncomeTaxWithheld,27487.51,0.95,2026-05-29 02:27:46.047026
W2_XL_input_clean_1140.pdf,FormYear,2010,0.89,2026-05-29 02:27:46.047041
W2_XL_input_clean_1140.pdf,LocalIncomeTax_Line1,23008.51,0.82,2026-05-29 02:27:46.047056
W2_XL_input_clean_1140.pdf,LocalWagesTipsEtc_Line1,146253.8,0.76,2026-05-29 02:27:46.047070
W2_XL_input_clean_1140.pdf,LocalityName_Line1,Guerrero Village,0.82,2026-05-29 02:27:46.047085
W2_XL_input_clean_1140.pdf,MedicareTaxWithheld,3807.4,0.97,2026-05-29 02:27:46.047100
W2_XL_input_clean_1140.pdf,MedicareWagesAndTips,131289.77,0.95,2026-05-29 02:27:46.047115
W2_XL_input_clean_1140.pdf,NonqualifiedPlans,247,0.11,2026-05-29 02:27:46.047130
W2_XL_input_clean_1140.pdf,SSN,293-66-6168,0.89,2026-05-29 02:27:46.047146
W2_XL_input_clean_1140.pdf,SocialSecurityTaxWithheld,12694.01,0.86,2026-05-29 02:27:46.047161
W2_XL_input_clean_1140.pdf,SocialSecurityTips,165934.8,0.98,2026-05-29 02:27:46.047176
W2_XL_input_clean_1140.pdf,SocialSecurityWages,165934.8,0.92,2026-05-29 02:27:46.047190
W2_XL_input_clean_1140.pdf,StateIncomeTax_Line1,5504.62,0.77,2026-05-29 02:27:46.047206
W2_XL_input_clean_1140.pdf,StateWagesTipsEtc_Line1,67999.47,0.6,2026-05-29 02:27:46.047271
W2_XL_input_clean_1140.pdf,State_Line1,SC,0.92,2026-05-29 02:27:46.047307
W2_XL_input_clean_1140.pdf,WagesTipsOtherCompensation,129524.63,0.97,2026-05-29 02:27:46.047325
W2_XL_input_clean_1140.pdf,a_Code,D,0.66,2026-05-29 02:27:46.047340
W2_XL_input_clean_1140.pdf,a_Value,3702,0.39,2026-05-29 02:27:46.047355
W2_XL_input_clean_1140.pdf,b_Value,595,0.45,2026-05-29 02:27:46.047370
W2_XL_input_clean_1140.pdf,c_Code,P,0.41,2026-05-29 02:27:46.047385
W2_XL_input_clean_1140.pdf,c_Value,246,0.55,2026-05-29 02:27:46.047400
W2_XL_input_clean_1140.pdf,d_Value,156,0.11,2026-05-29 02:27:46.047414
W2_XL_input_clean_1327.pdf,AllocatedTips,107718.46,0.77,2026-05-29 02:27:57.872016
W2_XL_input_clean_1327.pdf,ControlNumber,8014762,0.86,2026-05-29 02:27:57.872063
W2_XL_input_clean_1327.pdf,DependentCareBenefits,217,0.86,2026-05-29 02:27:57.872082
W2_XL_input_clean_1327.pdf,EIN,99-1861926,0.99,2026-05-29 02:27:57.872099
W2_XL_input_clean_1327.pdf,EmployeeAddress_AdditionalStreetAddressOrPostalBox,Apt. 795,0.36,2026-05-29 02:27:57.872114
W2_XL_input_clean_1327.pdf,EmployeeAddress_City,Brandyfurt,0.92,2026-05-29 02:27:57.872129
W2_XL_input_clean_1327.pdf,EmployeeAddress_State,OK,0.05,2026-05-29 02:27:57.872145
W2_XL_input_clean_1327.pdf,EmployeeAddress_StreetAddressOrPostalBox,37700 Mills Street,0.77,2026-05-29 02:27:57.872160
W2_XL_input_clean_1327.pdf,EmployeeName_FirstName,Matthew,0.95,2026-05-29 02:27:57.872175
W2_XL_input_clean_1327.pdf,EmployeeName_LastName,Gomez,0.95,2026-05-29 02:27:57.872189
W2_XL_input_clean_1327.pdf,EmployerAddress_City,Vasquezhaven,0.51,2026-05-29 02:27:57.872204
W2_XL_input_clean_1327.pdf,EmployerAddress_State,MO,0.07,2026-05-29 02:27:57.872218
W2_XL_input_clean_1327.pdf,EmployerAddress_StreetAddressOrPostalBox,7139 Aaron Ports,0.47,2026-05-29 02:27:57.872326
W2_XL_input_clean_1327.pdf,EmployerName,Ward-Alvarez Inc,0.97,2026-05-29 02:27:57.872350
W2_XL_input_clean_1327.pdf,EmployerStateIdNumber_Line1,566-70-032,0.29,2026-05-29 02:27:57.872401
W2_XL_input_clean_1327.pdf,FederalIncomeTaxWithheld,25868.71,0.86,2026-05-29 02:27:57.872438
W2_XL_input_clean_1327.pdf,FormYear,2010,0.84,2026-05-29 02:27:57.872455
W2_XL_input_clean_1327.pdf,LocalIncomeTax_Line1,15860.15,0.67,2026-05-29 02:27:57.872471
W2_XL_input_clean_1327.pdf,LocalWagesTipsEtc_Line1,105776.52,0.17,2026-05-29 02:27:57.872563
W2_XL_input_clean_1327.pdf,LocalityName_Line1,Ibarra Freeway,0.68,2026-05-29 02:27:57.872617
W2_XL_input_clean_1327.pdf,MedicareTaxWithheld,3123.84,0.96,2026-05-29 02:27:57.872649
W2_XL_input_clean_1327.pdf,MedicareWagesAndTips,107718.46,0.96,2026-05-29 02:27:57.872677
W2_XL_input_clean_1327.pdf,NonqualifiedPlans,126,0.07,2026-05-29 02:27:57.872694
W2_XL_input_clean_1327.pdf,SSN,272-09-4778,0.99,2026-05-29 02:27:57.872716
W2_XL_input_clean_1327.pdf,SocialSecurityTaxWithheld,8544.15,0.95,2026-05-29 02:27:57.872732
W2_XL_input_clean_1327.pdf,SocialSecurityTips,111688.26,0.98,2026-05-29 02:27:57.872747
W2_XL_input_clean_1327.pdf,SocialSecurityWages,111688.26,0.97,2026-05-29 02:27:57.872762
W2_XL_input_clean_1327.pdf,StateIncomeTax_Line1,3771.53,0.39,2026-05-29 02:27:57.872776
W2_XL_input_clean_1327.pdf,StateWagesTipsEtc_Line1,47455.68,0.31,2026-05-29 02:27:57.872791
W2_XL_input_clean_1327.pdf,State_Line1,AK,0.57,2026-05-29 02:27:57.872806
W2_XL_input_clean_1327.pdf,WagesTipsOtherCompensation,91069.09,0.95,2026-05-29 02:27:57.872821
W2_XL_input_clean_1327.pdf,a_Code,E,0.6,2026-05-29 02:27:57.872837
W2_XL_input_clean_1327.pdf,b_Code,E,0.61,2026-05-29 02:27:57.872852
W2_XL_input_clean_1327.pdf,c_Value,957,0.16,2026-05-29 02:27:57.872867
W2_XL_input_clean_1216.pdf,AllocatedTips,117021.98,0.88,2026-05-29 02:28:16.804598
W2_XL_input_clean_1216.pdf,ControlNumber,4436879,0.93,2026-05-29 02:28:16.804679
W2_XL_input_clean_1216.pdf,DependentCareBenefits,184,0.49,2026-05-29 02:28:16.804712
W2_XL_input_clean_1216.pdf,EIN,34-9590233,0.99,2026-05-29 02:28:16.804729
W2_XL_input_clean_1216.pdf,EmployeeAddress_City,Port Arthur,0.91,2026-05-29 02:28:16.804745
W2_XL_input_clean_1216.pdf,EmployeeAddress_State,IL,0.05,2026-05-29 02:28:16.804761
W2_XL_input_clean_1216.pdf,EmployeeAddress_StreetAddressOrPostalBox,3520 Christy Falls Apt. 641,0.88,2026-05-29 02:28:16.804776
W2_XL_input_clean_1216.pdf,EmployeeAddress_Zip,81406,0.83,2026-05-29 02:28:16.804791
W2_XL_input_clean_1216.pdf,EmployeeName_FirstName,Joseph,0.98,2026-05-29 02:28:16.804806
W2_XL_input_clean_1216.pdf,EmployeeName_LastName,Gonzalez,0.97,2026-05-29 02:28:16.804849
W2_XL_input_clean_1216.pdf,EmployerAddress_City,Port Lori,0.85,2026-05-29 02:28:16.804883
W2_XL_input_clean_1216.pdf,EmployerAddress_State,AZ,0.07,2026-05-29 02:28:16.804909
W2_XL_input_clean_1216.pdf,EmployerAddress_StreetAddressOrPostalBox,6152 Sanders Views Apt. 366,0.93,2026-05-29 02:28:16.804935
W2_XL_input_clean_1216.pdf,EmployerName,"Williams, Moore and Leonard Inc",0.98,2026-05-29 02:28:16.804950
W2_XL_input_clean_1216.pdf,FederalIncomeTaxWithheld,22332.3,0.73,2026-05-29 02:28:16.804965
W2_XL_input_clean_1216.pdf,FormYear,2010,0.77,2026-05-29 02:28:16.804980
W2_XL_input_clean_1216.pdf,LocalIncomeTax_Line1,22740.3,0.57,2026-05-29 02:28:16.804995
W2_XL_input_clean_1216.pdf,LocalWagesTipsEtc_Line1,173891.83,0.2,2026-05-29 02:28:16.805010
W2_XL_input_clean_1216.pdf,LocalityName_Line1,Wright Spurs,0.62,2026-05-29 02:28:16.805026
W2_XL_input_clean_1216.pdf,MedicareTaxWithheld,3393.64,0.96,2026-05-29 02:28:16.805041
W2_XL_input_clean_1216.pdf,MedicareWagesAndTips,117021.98,0.97,2026-05-29 02:28:16.805057
W2_XL_input_clean_1216.pdf,SSN,089-88-6254,0.98,2026-05-29 02:28:16.805072
W2_XL_input_clean_1216.pdf,SocialSecurityTaxWithheld,14030.74,0.89,2026-05-29 02:28:16.805087
W2_XL_input_clean_1216.pdf,SocialSecurityTips,183408.32,0.99,2026-05-29 02:28:16.805101
W2_XL_input_clean_1216.pdf,SocialSecurityWages,183408.32,0.97,2026-05-29 02:28:16.805116
W2_XL_input_clean_1216.pdf,State_Line1,MA,0.43,2026-05-29 02:28:16.805131
W2_XL_input_clean_1216.pdf,WagesTipsOtherCompensation,147533.41,0.98,2026-05-29 02:28:16.805152
W2_XL_input_clean_1216.pdf,a_Code,E,0.79,2026-05-29 02:28:16.805169
W2_XL_input_clean_1216.pdf,a_Value,3715,0.12,2026-05-29 02:28:16.805184
W2_XL_input_clean_1049.pdf,AllocatedTips,192491.74,0.87,2026-05-29 02:28:27.955428
W2_XL_input_clean_1049.pdf,ControlNumber,2151462,0.96,2026-05-29 02:28:27.955475
W2_XL_input_clean_1049.pdf,DependentCareBenefits,196,0.51,2026-05-29 02:28:27.955495
W2_XL_input_clean_1049.pdf,EIN,16-7087318,0.99,2026-05-29 02:28:27.955580
W2_XL_input_clean_1049.pdf,EmployeeAddress_City,East Brenda,0.75,2026-05-29 02:28:27.955646
W2_XL_input_clean_1049.pdf,EmployeeAddress_State,WV,0.05,2026-05-29 02:28:27.955664
W2_XL_input_clean_1049.pdf,EmployeeAddress_StreetAddressOrPostalBox,525 Miller Rue Suite 193,0.89,2026-05-29 02:28:27.955680
W2_XL_input_clean_1049.pdf,EmployeeName_FirstName,John,0.98,2026-05-29 02:28:27.955697
W2_XL_input_clean_1049.pdf,EmployeeName_LastName,Watkins,0.97,2026-05-29 02:28:27.955712
W2_XL_input_clean_1049.pdf,EmployerAddress_City,Lake Jason,0.95,2026-05-29 02:28:27.955727
W2_XL_input_clean_1049.pdf,EmployerAddress_State,WY,0.07,2026-05-29 02:28:27.955745
W2_XL_input_clean_1049.pdf,EmployerAddress_StreetAddressOrPostalBox,1673 Alyssa Corners,0.81,2026-05-29 02:28:27.955812
W2_XL_input_clean_1049.pdf,EmployerName,"Gordon, Meyers and Donaldson PLC",0.94,2026-05-29 02:28:27.955858
W2_XL_input_clean_1049.pdf,EmployerStateIdNumber_Line1,597-70-011,0.17,2026-05-29 02:28:27.955879
W2_XL_input_clean_1049.pdf,FederalIncomeTaxWithheld,43597.33,0.9,2026-05-29 02:28:27.955895
W2_XL_input_clean_1049.pdf,FormYear,2010,0.91,2026-05-29 02:28:27.955911
W2_XL_input_clean_1049.pdf,LocalIncomeTax_Line1,21233.12,0.62,2026-05-29 02:28:27.955948
W2_XL_input_clean_1049.pdf,LocalWagesTipsEtc_Line1,214176.94,0.21,2026-05-29 02:28:27.955963
W2_XL_input_clean_1049.pdf,LocalityName_Line1,Isaac Fields,0.72,2026-05-29 02:28:27.955978
W2_XL_input_clean_1049.pdf,MedicareTaxWithheld,5582.26,0.96,2026-05-29 02:28:27.956054
W2_XL_input_clean_1049.pdf,MedicareWagesAndTips,192491.74,0.97,2026-05-29 02:28:27.956080
W2_XL_input_clean_1049.pdf,NonqualifiedPlans,201,0.06,2026-05-29 02:28:27.956098
W2_XL_input_clean_1049.pdf,SSN,749-31-0897,0.98,2026-05-29 02:28:27.956113
W2_XL_input_clean_1049.pdf,SocialSecurityTaxWithheld,15935.74,0.92,2026-05-29 02:28:27.956128
W2_XL_input_clean_1049.pdf,SocialSecurityTips,208310.31,0.98,2026-05-29 02:28:27.956143
W2_XL_input_clean_1049.pdf,SocialSecurityWages,208310.31,0.97,2026-05-29 02:28:27.956159
W2_XL_input_clean_1049.pdf,StateWagesTipsEtc_Line1,94131.82,0.19,2026-05-29 02:28:27.956174
W2_XL_input_clean_1049.pdf,State_Line1,OK,0.53,2026-05-29 02:28:27.956189
W2_XL_input_clean_1049.pdf,WagesTipsOtherCompensation,171350.77,0.97,2026-05-29 02:28:27.956204
W2_XL_input_clean_1049.pdf,a_Value,6783,0.88,2026-05-29 02:28:27.956219
W2_XL_input_clean_1049.pdf,b_Value,303,0.23,2026-05-29 02:28:27.956254
W2_XL_input_clean_1049.pdf,c_Value,716,0.4,2026-05-29 02:28:27.956301
W2_XL_input_clean_1044.pdf,AllocatedTips,201181.63,0.89,2026-05-29 02:28:43.809078
W2_XL_input_clean_1044.pdf,ControlNumber,6161953,0.94,2026-05-29 02:28:43.809153
W2_XL_input_clean_1044.pdf,DependentCareBenefits,230,0.53,2026-05-29 02:28:43.809183
W2_XL_input_clean_1044.pdf,EIN,41-3052139,0.99,2026-05-29 02:28:43.809208
W2_XL_input_clean_1044.pdf,EmployeeAddress_City,Carterchester,0.87,2026-05-29 02:28:43.809259
W2_XL_input_clean_1044.pdf,EmployeeAddress_State,AR,0.05,2026-05-29 02:28:43.809287
W2_XL_input_clean_1044.pdf,EmployeeAddress_StreetAddressOrPostalBox,41137 Adams Parkways Suite 509,0.75,2026-05-29 02:28:43.809318
W2_XL_input_clean_1044.pdf,EmployeeName_FirstName,Renee,0.98,2026-05-29 02:28:43.809364
W2_XL_input_clean_1044.pdf,EmployeeName_LastName,Howard,0.97,2026-05-29 02:28:43.809402
W2_XL_input_clean_1044.pdf,EmployerAddress_City,Laurafurt,0.96,2026-05-29 02:28:43.809433
W2_XL_input_clean_1044.pdf,EmployerAddress_State,WI,0.07,2026-05-29 02:28:43.809469
W2_XL_input_clean_1044.pdf,EmployerAddress_StreetAddressOrPostalBox,695 Martinez Trail Suite 586,0.92,2026-05-29 02:28:43.809519
W2_XL_input_clean_1044.pdf,EmployerAddress_Zip,74846-4827,0.93,2026-05-29 02:28:43.809574
W2_XL_input_clean_1044.pdf,EmployerName,Rose Ltd Ltd,0.97,2026-05-29 02:28:43.809618
W2_XL_input_clean_1044.pdf,EmployerStateIdNumber_Line1,005-02-834,0.3,2026-05-29 02:28:43.809662
W2_XL_input_clean_1044.pdf,FederalIncomeTaxWithheld,63087.75,0.85,2026-05-29 02:28:43.809708
W2_XL_input_clean_1044.pdf,FormYear,2010,0.92,2026-05-29 02:28:43.809750
W2_XL_input_clean_1044.pdf,LocalIncomeTax_Line1,26692.14,0.64,2026-05-29 02:28:43.809794
W2_XL_input_clean_1044.pdf,LocalWagesTipsEtc_Line1,297712.28,0.24,2026-05-29 02:28:43.809824
W2_XL_input_clean_1044.pdf,LocalityName_Line1,Elizabeth Valleys,0.66,2026-05-29 02:28:43.809854
W2_XL_input_clean_1044.pdf,MedicareTaxWithheld,5834.27,0.96,2026-05-29 02:28:43.809881
W2_XL_input_clean_1044.pdf,MedicareWagesAndTips,201181.63,0.97,2026-05-29 02:28:43.809910
W2_XL_input_clean_1044.pdf,NonqualifiedPlans,261,0.03,2026-05-29 02:28:43.809937
W2_XL_input_clean_1044.pdf,SSN,169-52-1407,0.99,2026-05-29 02:28:43.809972
W2_XL_input_clean_1044.pdf,SocialSecurityTaxWithheld,19706.69,0.89,2026-05-29 02:28:43.810015
W2_XL_input_clean_1044.pdf,SocialSecurityTips,257603.81,0.99,2026-05-29 02:28:43.810058
W2_XL_input_clean_1044.pdf,SocialSecurityWages,257603.81,0.96,2026-05-29 02:28:43.810105
W2_XL_input_clean_1044.pdf,StateWagesTipsEtc_Line1,74.99,0.0,2026-05-29 02:28:43.810155
W2_XL_input_clean_1044.pdf,State_Line1,NM,0.47,2026-05-29 02:28:43.810200
W2_XL_input_clean_1044.pdf,WagesTipsOtherCompensation,230691.99,0.96,2026-05-29 02:28:43.810279
W2_XL_input_clean_1044.pdf,a_Code,G,0.71,2026-05-29 02:28:43.810324
W2_XL_input_clean_1044.pdf,a_Value,4621,0.11,2026-05-29 02:28:43.810367
W2_XL_input_clean_1044.pdf,b_Code,E,0.58,2026-05-29 02:28:43.810399
W2_XL_input_clean_1079.pdf,AllocatedTips,89925.86,0.9,2026-05-29 02:29:00.467069
W2_XL_input_clean_1079.pdf,ControlNumber,6964735,0.83,2026-05-29 02:29:00.467124
W2_XL_input_clean_1079.pdf,DependentCareBenefits,219,0.49,2026-05-29 02:29:00.467142
W2_XL_input_clean_1079.pdf,EIN,45-4089146,0.98,2026-05-29 02:29:00.467159
W2_XL_input_clean_1079.pdf,EmployeeAddress_State,NV,0.02,2026-05-29 02:29:00.467175
W2_XL_input_clean_1079.pdf,EmployeeAddress_StreetAddressOrPostalBox,6462 Coffey Ridge Suite 124,0.73,2026-05-29 02:29:00.467190
W2_XL_input_clean_1079.pdf,EmployeeName_FirstName,Eric,0.77,2026-05-29 02:29:00.467205
W2_XL_input_clean_1079.pdf,EmployeeName_LastName,Reynolds,0.88,2026-05-29 02:29:00.467220
W2_XL_input_clean_1079.pdf,EmployerAddress_City,East Katherine,0.73,2026-05-29 02:29:00.467295
W2_XL_input_clean_1079.pdf,EmployerAddress_State,NC,0.07,2026-05-29 02:29:00.467328
W2_XL_input_clean_1079.pdf,EmployerAddress_StreetAddressOrPostalBox,994 Lopez Loop,0.82,2026-05-29 02:29:00.467344
W2_XL_input_clean_1079.pdf,EmployerName,"Mclean, Baldwin and Bowen Group",0.95,2026-05-29 02:29:00.467360
W2_XL_input_clean_1079.pdf,EmployerStateIdNumber_Line1,976-76-440,0.26,2026-05-29 02:29:00.467375
W2_XL_input_clean_1079.pdf,FederalIncomeTaxWithheld,14487.49,0.9,2026-05-29 02:29:00.467390
W2_XL_input_clean_1079.pdf,FormYear,2010,0.86,2026-05-29 02:29:00.467405
W2_XL_input_clean_1079.pdf,LocalIncomeTax_Line1,11968.66,0.54,2026-05-29 02:29:00.467420
W2_XL_input_clean_1079.pdf,LocalWagesTipsEtc_Line1,89855.5,0.37,2026-05-29 02:29:00.467435
W2_XL_input_clean_1079.pdf,MedicareTaxWithheld,2607.85,0.96,2026-05-29 02:29:00.467450
W2_XL_input_clean_1079.pdf,MedicareWagesAndTips,89925.86,0.97,2026-05-29 02:29:00.467488
W2_XL_input_clean_1079.pdf,SSN,077-31-6593,0.97,2026-05-29 02:29:00.467527
W2_XL_input_clean_1079.pdf,SocialSecurityTaxWithheld,5612.33,0.86,2026-05-29 02:29:00.467554
W2_XL_input_clean_1079.pdf,SocialSecurityTips,73363.83,0.95,2026-05-29 02:29:00.467604
W2_XL_input_clean_1079.pdf,SocialSecurityWages,73363.83,0.97,2026-05-29 02:29:00.467649
W2_XL_input_clean_1079.pdf,StateIncomeTax_Line1,3239.61,0.44,2026-05-29 02:29:00.467686
W2_XL_input_clean_1079.pdf,StateWagesTipsEtc_Line1,36750.8,0.16,2026-05-29 02:29:00.467716
W2_XL_input_clean_1079.pdf,State_Line1,CT,0.86,2026-05-29 02:29:00.467733
W2_XL_input_clean_1079.pdf,WagesTipsOtherCompensation,75551.68,0.97,2026-05-29 02:29:00.467780
W2_XL_input_clean_1079.pdf,a_Code,E,0.56,2026-05-29 02:29:00.467809
W2_XL_input_clean_1172.pdf,AllocatedTips,84490.08,0.72,2026-05-29 02:29:14.816328
W2_XL_input_clean_1172.pdf,ControlNumber,82818,0.66,2026-05-29 02:29:14.816418
W2_XL_input_clean_1172.pdf,DependentCareBenefits,226,0.73,2026-05-29 02:29:14.816449
W2_XL_input_clean_1172.pdf,EIN,76-5901145,0.98,2026-05-29 02:29:14.816477
W2_XL_input_clean_1172.pdf,EmployeeAddress_City,New Miranda,0.68,2026-05-29 02:29:14.816503
W2_XL_input_clean_1172.pdf,EmployeeAddress_State,ID,0.04,2026-05-29 02:29:14.816528
W2_XL_input_clean_1172.pdf,EmployeeAddress_StreetAddressOrPostalBox,1035 Mary Villages Apt. 800,0.47,2026-05-29 02:29:14.816568
W2_XL_input_clean_1172.pdf,EmployeeName_FirstName,Kevin,0.63,2026-05-29 02:29:14.816609
W2_XL_input_clean_1172.pdf,EmployeeName_LastName,Harrington,0.83,2026-05-29 02:29:14.816647
W2_XL_input_clean_1172.pdf,EmployerAddress_City,South Davidfort,0.78,2026-05-29 02:29:14.816678
W2_XL_input_clean_1172.pdf,EmployerAddress_State,MN,0.07,2026-05-29 02:29:14.816706
W2_XL_input_clean_1172.pdf,EmployerAddress_StreetAddressOrPostalBox,9212 Larson Lodge,0.43,2026-05-29 02:29:14.816766
W2_XL_input_clean_1172.pdf,EmployerName,Santos-Jones Ltd,0.97,2026-05-29 02:29:14.816812
W2_XL_input_clean_1172.pdf,EmployerStateIdNumber_Line1,288-46-704,0.23,2026-05-29 02:29:14.816842
W2_XL_input_clean_1172.pdf,FederalIncomeTaxWithheld,19644.92,0.93,2026-05-29 02:29:14.816871
W2_XL_input_clean_1172.pdf,FormYear,2010,0.85,2026-05-29 02:29:14.816888
W2_XL_input_clean_1172.pdf,LocalIncomeTax_Line1,7059.26,0.63,2026-05-29 02:29:14.816904
W2_XL_input_clean_1172.pdf,LocalWagesTipsEtc_Line1,67256.6,0.18,2026-05-29 02:29:14.816920
W2_XL_input_clean_1172.pdf,LocalityName_Line1,Erika Flat,0.67,2026-05-29 02:29:14.816935
W2_XL_input_clean_1172.pdf,MedicareTaxWithheld,2450.21,0.97,2026-05-29 02:29:14.816951
W2_XL_input_clean_1172.pdf,MedicareWagesAndTips,84490.08,0.97,2026-05-29 02:29:14.816966
W2_XL_input_clean_1172.pdf,NonqualifiedPlans,167,0.03,2026-05-29 02:29:14.816981
W2_XL_input_clean_1172.pdf,SSN,754-32-3306,0.99,2026-05-29 02:29:14.816996
W2_XL_input_clean_1172.pdf,SocialSecurityTaxWithheld,5760.8,0.89,2026-05-29 02:29:14.817012
W2_XL_input_clean_1172.pdf,SocialSecurityTips,75304.62,0.99,2026-05-29 02:29:14.817027
W2_XL_input_clean_1172.pdf,SocialSecurityWages,75304.62,0.98,2026-05-29 02:29:14.817063
W2_XL_input_clean_1172.pdf,StateIncomeTax_Line1,3193.93,0.35,2026-05-29 02:29:14.817078
W2_XL_input_clean_1172.pdf,State_Line1,NH,0.69,2026-05-29 02:29:14.817094
W2_XL_input_clean_1172.pdf,WagesTipsOtherCompensation,67447.69,0.97,2026-05-29 02:29:14.817109
W2_XL_input_clean_1172.pdf,a_Value,9200,0.3,2026-05-29 02:29:14.817124
W2_XL_input_clean_1172.pdf,b_Value,749,0.18,2026-05-29 02:29:14.817139
W2_XL_input_clean_1172.pdf,c_Code,D,0.16,2026-05-29 02:29:14.817155
W2_XL_input_clean_1172.pdf,c_Value,913,0.42,2026-05-29 02:29:14.817171
W2_XL_input_clean_1388.pdf,AllocatedTips,167243.99,0.84,2026-05-29 02:29:25.086858
W2_XL_input_clean_1388.pdf,ControlNumber,3138833,0.9,2026-05-29 02:29:25.087049
W2_XL_input_clean_1388.pdf,DependentCareBenefits,222,0.36,2026-05-29 02:29:25.087081
W2_XL_input_clean_1388.pdf,EIN,31-7454033,0.98,2026-05-29 02:29:25.087106
W2_XL_input_clean_1388.pdf,EmployeeAddress_City,East Michael,0.66,2026-05-29 02:29:25.087134
W2_XL_input_clean_1388.pdf,EmployeeAddress_State,PA,0.02,2026-05-29 02:29:25.087157
W2_XL_input_clean_1388.pdf,EmployeeAddress_StreetAddressOrPostalBox,84660 Jeffrey Skyway Suite 406,0.62,2026-05-29 02:29:25.087181
W2_XL_input_clean_1388.pdf,EmployeeName_FirstName,Margaret,0.93,2026-05-29 02:29:25.087211
W2_XL_input_clean_1388.pdf,EmployeeName_LastName,Huerta,0.88,2026-05-29 02:29:25.087273
W2_XL_input_clean_1388.pdf,EmployerAddress_City,Kimberlybury,0.86,2026-05-29 02:29:25.087315
W2_XL_input_clean_1388.pdf,EmployerAddress_State,OK,0.07,2026-05-29 02:29:25.087348
W2_XL_input_clean_1388.pdf,EmployerAddress_StreetAddressOrPostalBox,6224 Morgan Ridge,0.86,2026-05-29 02:29:25.087378
W2_XL_input_clean_1388.pdf,EmployerName,Taylor Ltd LLC,0.95,2026-05-29 02:29:25.087434
W2_XL_input_clean_1388.pdf,EmployerStateIdNumber_Line1,936-15-701,0.12,2026-05-29 02:29:25.087480
W2_XL_input_clean_1388.pdf,FederalIncomeTaxWithheld,24239.85,0.94,2026-05-29 02:29:25.087519
W2_XL_input_clean_1388.pdf,FormYear,2010,0.79,2026-05-29 02:29:25.087537
W2_XL_input_clean_1388.pdf,LocalIncomeTax_Line1,31172.14,0.58,2026-05-29 02:29:25.087552
W2_XL_input_clean_1388.pdf,LocalWagesTipsEtc_Line1,247471.47,0.27,2026-05-29 02:29:25.087576
W2_XL_input_clean_1388.pdf,LocalityName_Line1,Hodges Fork,0.7,2026-05-29 02:29:25.087592
W2_XL_input_clean_1388.pdf,MedicareTaxWithheld,4850.08,0.96,2026-05-29 02:29:25.087607
W2_XL_input_clean_1388.pdf,MedicareWagesAndTips,167243.99,0.97,2026-05-29 02:29:25.087623
W2_XL_input_clean_1388.pdf,SSN,464-04-7457,0.97,2026-05-29 02:29:25.087638
W2_XL_input_clean_1388.pdf,SocialSecurityTaxWithheld,14137.1,0.79,2026-05-29 02:29:25.087653
W2_XL_input_clean_1388.pdf,SocialSecurityTips,184798.68,0.99,2026-05-29 02:29:25.087668
W2_XL_input_clean_1388.pdf,SocialSecurityWages,184798.68,0.97,2026-05-29 02:29:25.087689
W2_XL_input_clean_1388.pdf,StateIncomeTax_Line1,10247.19,0.27,2026-05-29 02:29:25.087705
W2_XL_input_clean_1388.pdf,StateWagesTipsEtc_Line1,105832.36,0.18,2026-05-29 02:29:25.087719
W2_XL_input_clean_1388.pdf,State_Line1,KS,0.51,2026-05-29 02:29:25.087734
W2_XL_input_clean_1388.pdf,WagesTipsOtherCompensation,204450.44,0.98,2026-05-29 02:29:25.087749
W2_XL_input_clean_1388.pdf,a_Code,H,0.55,2026-05-29 02:29:25.087764
W2_XL_input_clean_1388.pdf,b_Value,614,0.29,2026-05-29 02:29:25.087779
W2_XL_input_clean_1388.pdf,c_Code,H,0.05,2026-05-29 02:29:25.087794
W2_XL_input_clean_1388.pdf,c_Value,214,0.24,2026-05-29 02:29:25.087810
W2_XL_input_clean_1081.pdf,AllocatedTips,113215.27,0.94,2026-05-29 02:29:36.958854
W2_XL_input_clean_1081.pdf,ControlNumber,6547443,0.94,2026-05-29 02:29:36.958902
W2_XL_input_clean_1081.pdf,DependentCareBenefits,286,0.61,2026-05-29 02:29:36.958922
W2_XL_input_clean_1081.pdf,EIN,23-9991611,0.98,2026-05-29 02:29:36.958940
W2_XL_input_clean_1081.pdf,EmployeeAddress_City,Port Victoriaview,0.84,2026-05-29 02:29:36.958957
W2_XL_input_clean_1081.pdf,EmployeeAddress_State,MO,0.06,2026-05-29 02:29:36.958974
W2_XL_input_clean_1081.pdf,EmployeeAddress_StreetAddressOrPostalBox,59112 Johnson Skyway Suite 963,0.63,2026-05-29 02:29:36.958990
W2_XL_input_clean_1081.pdf,EmployeeName_FirstName,Jonathan,0.98,2026-05-29 02:29:36.959008
W2_XL_input_clean_1081.pdf,EmployeeName_LastName,Clark,0.97,2026-05-29 02:29:36.959025
W2_XL_input_clean_1081.pdf,EmployerAddress_City,Derekberg,0.89,2026-05-29 02:29:36.959041
W2_XL_input_clean_1081.pdf,EmployerAddress_State,AL,0.07,2026-05-29 02:29:36.959058
W2_XL_input_clean_1081.pdf,EmployerAddress_StreetAddressOrPostalBox,64225 Guerra Bridge Suite 331,0.7,2026-05-29 02:29:36.959075
W2_XL_input_clean_1081.pdf,EmployerName,Martin Ltd LLC,0.97,2026-05-29 02:29:36.959092
W2_XL_input_clean_1081.pdf,EmployerStateIdNumber_Line1,585-56-873,0.6,2026-05-29 02:29:36.959109
W2_XL_input_clean_1081.pdf,FederalIncomeTaxWithheld,21594.45,0.94,2026-05-29 02:29:36.959125
W2_XL_input_clean_1081.pdf,FormYear,2010,0.86,2026-05-29 02:29:36.959141
W2_XL_input_clean_1081.pdf,LocalIncomeTax_Line1,15191.64,0.75,2026-05-29 02:29:36.959157
W2_XL_input_clean_1081.pdf,LocalWagesTipsEtc_Line1,78078.5,0.53,2026-05-29 02:29:36.959244
W2_XL_input_clean_1081.pdf,LocalityName_Line1,Taylor Meadows,0.71,2026-05-29 02:29:36.959316
W2_XL_input_clean_1081.pdf,MedicareTaxWithheld,3283.24,0.96,2026-05-29 02:29:36.959354
W2_XL_input_clean_1081.pdf,MedicareWagesAndTips,113215.27,0.97,2026-05-29 02:29:36.959373
W2_XL_input_clean_1081.pdf,SSN,635-41-1739,0.98,2026-05-29 02:29:36.959390
W2_XL_input_clean_1081.pdf,SocialSecurityTaxWithheld,9373.94,0.95,2026-05-29 02:29:36.959407
W2_XL_input_clean_1081.pdf,SocialSecurityTips,122535.11,0.99,2026-05-29 02:29:36.959424
W2_XL_input_clean_1081.pdf,SocialSecurityWages,122535.11,0.95,2026-05-29 02:29:36.959446
W2_XL_input_clean_1081.pdf,StateIncomeTax_Line1,5983.02,0.52,2026-05-29 02:29:36.959463
W2_XL_input_clean_1081.pdf,StateWagesTipsEtc_Line1,45311.27,0.41,2026-05-29 02:29:36.959480
W2_XL_input_clean_1081.pdf,State_Line1,AL,0.69,2026-05-29 02:29:36.959496
W2_XL_input_clean_1081.pdf,WagesTipsOtherCompensation,100242.8,0.96,2026-05-29 02:29:36.959513
W2_XL_input_clean_1081.pdf,a_Value,8977,0.79,2026-05-29 02:29:36.959529
W2_XL_input_clean_1081.pdf,b_Code,P,0.58,2026-05-29 02:29:36.959547
W2_XL_input_clean_1081.pdf,c_Code,D,0.39,2026-05-29 02:29:36.959564
W2_XL_input_clean_1081.pdf,c_Value,502,0.3,2026-05-29 02:29:36.959588
W2_XL_input_clean_1110.pdf,AllocatedTips,174225.81,0.94,2026-05-29 02:29:50.427908
W2_XL_input_clean_1110.pdf,ControlNumber,7095870,0.92,2026-05-29 02:29:50.427977
W2_XL_input_clean_1110.pdf,DependentCareBenefits,166,0.86,2026-05-29 02:29:50.428007
W2_XL_input_clean_1110.pdf,EIN,38-9926957,0.98,2026-05-29 02:29:50.428035
W2_XL_input_clean_1110.pdf,EmployeeAddress_City,North Ryanfurt,0.91,2026-05-29 02:29:50.428059
W2_XL_input_clean_1110.pdf,EmployeeAddress_State,NV,0.08,2026-05-29 02:29:50.428089
W2_XL_input_clean_1110.pdf,EmployeeAddress_StreetAddressOrPostalBox,555 Wise Trail,0.82,2026-05-29 02:29:50.428142
W2_XL_input_clean_1110.pdf,EmployeeAddress_Zip,75391,0.84,2026-05-29 02:29:50.428180
W2_XL_input_clean_1110.pdf,EmployeeName_FirstName,Lisa,0.98,2026-05-29 02:29:50.428218
W2_XL_input_clean_1110.pdf,EmployeeName_LastName,Webb,0.97,2026-05-29 02:29:50.428372
W2_XL_input_clean_1110.pdf,EmployerAddress_City,Sarastad,0.96,2026-05-29 02:29:50.428396
W2_XL_input_clean_1110.pdf,EmployerAddress_State,NJ,0.07,2026-05-29 02:29:50.428413
W2_XL_input_clean_1110.pdf,EmployerAddress_StreetAddressOrPostalBox,200 Webb Stravenue Apt. 411,0.86,2026-05-29 02:29:50.428429
W2_XL_input_clean_1110.pdf,EmployerAddress_Zip,94282-6757,0.9,2026-05-29 02:29:50.428445
W2_XL_input_clean_1110.pdf,EmployerName,Marshall-Marshall LLC,0.96,2026-05-29 02:29:50.428461
W2_XL_input_clean_1110.pdf,EmployerStateIdNumber_Line1,382-48-621,0.81,2026-05-29 02:29:50.428476
W2_XL_input_clean_1110.pdf,FederalIncomeTaxWithheld,50303.12,0.96,2026-05-29 02:29:50.428491
W2_XL_input_clean_1110.pdf,FormYear,2010,0.89,2026-05-29 02:29:50.428507
W2_XL_input_clean_1110.pdf,LocalIncomeTax_Line1,15153.16,0.85,2026-05-29 02:29:50.428522
W2_XL_input_clean_1110.pdf,LocalWagesTipsEtc_Line1,132591.35,0.79,2026-05-29 02:29:50.428537
W2_XL_input_clean_1110.pdf,LocalityName_Line1,Darrell Motorway,0.86,2026-05-29 02:29:50.428552
W2_XL_input_clean_1110.pdf,MedicareTaxWithheld,5052.55,0.97,2026-05-29 02:29:50.428567
W2_XL_input_clean_1110.pdf,MedicareWagesAndTips,174225.81,0.96,2026-05-29 02:29:50.428582
W2_XL_input_clean_1110.pdf,SSN,357-16-1497,0.97,2026-05-29 02:29:50.428597
W2_XL_input_clean_1110.pdf,SocialSecurityTaxWithheld,12518.2,0.88,2026-05-29 02:29:50.428612
W2_XL_input_clean_1110.pdf,SocialSecurityTips,163636.54,0.99,2026-05-29 02:29:50.428631
W2_XL_input_clean_1110.pdf,SocialSecurityWages,163636.54,0.97,2026-05-29 02:29:50.428656
W2_XL_input_clean_1110.pdf,StateIncomeTax_Line1,5385.32,0.76,2026-05-29 02:29:50.428672
W2_XL_input_clean_1110.pdf,StateWagesTipsEtc_Line1,65491.36,0.63,2026-05-29 02:29:50.428687
W2_XL_input_clean_1110.pdf,State_Line1,AK,0.85,2026-05-29 02:29:50.428701
W2_XL_input_clean_1110.pdf,WagesTipsOtherCompensation,137810.66,0.97,2026-05-29 02:29:50.428716
W2_XL_input_clean_1110.pdf,a_Value,7946,0.87,2026-05-29 02:29:50.428731
W2_XL_input_clean_1110.pdf,b_Value,681,0.44,2026-05-29 02:29:50.428746
W2_XL_input_clean_1110.pdf,c_Value,702,0.76,2026-05-29 02:29:50.428761
W2_XL_input_clean_1110.pdf,d_Value,175,0.15,2026-05-29 02:29:50.428775
W2_XL_input_clean_1125.pdf,AllocatedTips,98422.8,0.96,2026-05-29 02:29:59.962887
W2_XL_input_clean_1125.pdf,ControlNumber,9150650,0.89,2026-05-29 02:29:59.962932
W2_XL_input_clean_1125.pdf,DependentCareBenefits,109,0.76,2026-05-29 02:29:59.962950
W2_XL_input_clean_1125.pdf,EIN,30-6197559,0.99,2026-05-29 02:29:59.962967
W2_XL_input_clean_1125.pdf,EmployeeAddress_City,New Samueltown,0.93,2026-05-29 02:29:59.962982
W2_XL_input_clean_1125.pdf,EmployeeAddress_State,UT,0.08,2026-05-29 02:29:59.962997
W2_XL_input_clean_1125.pdf,EmployeeAddress_StreetAddressOrPostalBox,3864 Joshua Via Apt. 073,0.87,2026-05-29 02:29:59.963012
W2_XL_input_clean_1125.pdf,EmployeeAddress_Zip,61492,0.82,2026-05-29 02:29:59.963027
W2_XL_input_clean_1125.pdf,EmployeeName_FirstName,Alexander,0.97,2026-05-29 02:29:59.963042
W2_XL_input_clean_1125.pdf,EmployeeName_LastName,Todd,0.95,2026-05-29 02:29:59.963056
W2_XL_input_clean_1125.pdf,EmployerAddress_City,West Michelle,0.71,2026-05-29 02:29:59.963072
W2_XL_input_clean_1125.pdf,EmployerAddress_State,OH,0.07,2026-05-29 02:29:59.963087
W2_XL_input_clean_1125.pdf,EmployerAddress_StreetAddressOrPostalBox,04317 Benson Garden,0.32,2026-05-29 02:29:59.963102
W2_XL_input_clean_1125.pdf,EmployerName,Combs-Smith Ltd,0.97,2026-05-29 02:29:59.963120
W2_XL_input_clean_1125.pdf,EmployerStateIdNumber_Line1,674-54-883,0.3,2026-05-29 02:29:59.963135
W2_XL_input_clean_1125.pdf,FederalIncomeTaxWithheld,47193.13,0.95,2026-05-29 02:29:59.963150
W2_XL_input_clean_1125.pdf,FormYear,2010,0.87,2026-05-29 02:29:59.963164
W2_XL_input_clean_1125.pdf,LocalIncomeTax_Line1,15258.1,0.59,2026-05-29 02:29:59.963179
W2_XL_input_clean_1125.pdf,LocalWagesTipsEtc_Line1,145030.8,0.21,2026-05-29 02:29:59.963193
W2_XL_input_clean_1125.pdf,LocalityName_Line1,Cook Stravenue,0.74,2026-05-29 02:29:59.963207
W2_XL_input_clean_1125.pdf,MedicareTaxWithheld,2854.26,0.95,2026-05-29 02:29:59.963222
W2_XL_input_clean_1125.pdf,MedicareWagesAndTips,98422.8,0.9,2026-05-29 02:29:59.963256
W2_XL_input_clean_1125.pdf,NonqualifiedPlans,146,0.02,2026-05-29 02:29:59.963271
W2_XL_input_clean_1125.pdf,SSN,651-48-8680,0.99,2026-05-29 02:29:59.963286
W2_XL_input_clean_1125.pdf,SocialSecurityTaxWithheld,12455.17,0.92,2026-05-29 02:29:59.963300
W2_XL_input_clean_1125.pdf,SocialSecurityTips,162812.65,0.99,2026-05-29 02:29:59.963315
W2_XL_input_clean_1125.pdf,SocialSecurityWages,162812.65,0.96,2026-05-29 02:29:59.963329
W2_XL_input_clean_1125.pdf,StateIncomeTax_Line1,5880.77,0.31,2026-05-29 02:29:59.963344
W2_XL_input_clean_1125.pdf,StateWagesTipsEtc_Line1,67313.93,0.25,2026-05-29 02:29:59.963359
W2_XL_input_clean_1125.pdf,State_Line1,IL,0.56,2026-05-29 02:29:59.963373
W2_XL_input_clean_1125.pdf,WagesTipsOtherCompensation,130326.93,0.97,2026-05-29 02:29:59.963399
W2_XL_input_clean_1125.pdf,a_Value,2452,0.88,2026-05-29 02:29:59.963418
W2_XL_input_clean_1125.pdf,b_Code,E,0.59,2026-05-29 02:29:59.963434
W2_XL_input_clean_1125.pdf,c_Value,566,0.53,2026-05-29 02:29:59.963448
W2_XL_input_clean_1125.pdf,d_Code,P,0.0,2026-05-29 02:29:59.963464
W2_XL_input_clean_1071.pdf,AllocatedTips,140168.98,0.94,2026-05-29 02:30:10.337307
W2_XL_input_clean_1071.pdf,ControlNumber,5145032,0.93,2026-05-29 02:30:10.337391
W2_XL_input_clean_1071.pdf,DependentCareBenefits,178,0.74,2026-05-29 02:30:10.337421
W2_XL_input_clean_1071.pdf,EIN,37-7025691,0.99,2026-05-29 02:30:10.337439
W2_XL_input_clean_1071.pdf,EmployeeAddress_City,East Kaylaside,0.74,2026-05-29 02:30:10.337455
W2_XL_input_clean_1071.pdf,EmployeeAddress_State,NC,0.06,2026-05-29 02:30:10.337470
W2_XL_input_clean_1071.pdf,EmployeeAddress_StreetAddressOrPostalBox,9300 Carl Divide,0.85,2026-05-29 02:30:10.337486
W2_XL_input_clean_1071.pdf,EmployeeAddress_Zip,97355,0.74,2026-05-29 02:30:10.337501
W2_XL_input_clean_1071.pdf,EmployeeName_FirstName,Patrick,0.98,2026-05-29 02:30:10.337554
W2_XL_input_clean_1071.pdf,EmployeeName_LastName,Lee,0.96,2026-05-29 02:30:10.337581
W2_XL_input_clean_1071.pdf,EmployerAddress_City,Martinstad,0.96,2026-05-29 02:30:10.337597
W2_XL_input_clean_1071.pdf,EmployerAddress_State,AL,0.07,2026-05-29 02:30:10.337612
W2_XL_input_clean_1071.pdf,EmployerAddress_StreetAddressOrPostalBox,447 Craig Parkways Suite 000,0.92,2026-05-29 02:30:10.337634
W2_XL_input_clean_1071.pdf,EmployerAddress_Zip,83833,0.79,2026-05-29 02:30:10.337650
W2_XL_input_clean_1071.pdf,EmployerName,Espinoza LLC Ltd,0.97,2026-05-29 02:30:10.337665
W2_XL_input_clean_1071.pdf,EmployerStateIdNumber_Line1,723-66-619,0.27,2026-05-29 02:30:10.337680
W2_XL_input_clean_1071.pdf,FederalIncomeTaxWithheld,55642.99,0.93,2026-05-29 02:30:10.337695
W2_XL_input_clean_1071.pdf,FormYear,2010,0.89,2026-05-29 02:30:10.337709
W2_XL_input_clean_1071.pdf,LocalIncomeTax_Line1,25592.06,0.73,2026-05-29 02:30:10.337724
W2_XL_input_clean_1071.pdf,LocalWagesTipsEtc_Line1,136876.31,0.39,2026-05-29 02:30:10.337738
W2_XL_input_clean_1071.pdf,LocalityName_Line1,Jones Mills,0.8,2026-05-29 02:30:10.337753
W2_XL_input_clean_1071.pdf,MedicareTaxWithheld,4064.9,0.97,2026-05-29 02:30:10.337768
W2_XL_input_clean_1071.pdf,MedicareWagesAndTips,140168.98,0.97,2026-05-29 02:30:10.337783
W2_XL_input_clean_1071.pdf,NonqualifiedPlans,176,0.28,2026-05-29 02:30:10.337798
W2_XL_input_clean_1071.pdf,SSN,306-62-6738,0.98,2026-05-29 02:30:10.337813
W2_XL_input_clean_1071.pdf,SocialSecurityTaxWithheld,11775.89,0.94,2026-05-29 02:30:10.337827
W2_XL_input_clean_1071.pdf,SocialSecurityTips,153933.15,0.99,2026-05-29 02:30:10.337842
W2_XL_input_clean_1071.pdf,SocialSecurityWages,153933.15,0.97,2026-05-29 02:30:10.337856
W2_XL_input_clean_1071.pdf,StateIncomeTax_Line1,7099.85,0.54,2026-05-29 02:30:10.337871
W2_XL_input_clean_1071.pdf,StateWagesTipsEtc_Line1,82695.75,0.37,2026-05-29 02:30:10.337885
W2_XL_input_clean_1071.pdf,State_Line1,KS,0.63,2026-05-29 02:30:10.337900
W2_XL_input_clean_1071.pdf,WagesTipsOtherCompensation,167580.53,0.97,2026-05-29 02:30:10.337915
W2_XL_input_clean_1071.pdf,a_Code,D,0.67,2026-05-29 02:30:10.337930
W2_XL_input_clean_1071.pdf,a_Value,8533,0.14,2026-05-29 02:30:10.337944
W2_XL_input_clean_1071.pdf,b_Code,G,0.54,2026-05-29 02:30:10.337959
W2_XL_input_clean_1071.pdf,c_Value,417,0.52,2026-05-29 02:30:10.337974
W2_XL_input_clean_1071.pdf,d_Code,E,0.0,2026-05-29 02:30:10.337989
W2_XL_input_noisy_2920.pdf,ControlNumber,600192,0.63,2026-05-29 02:30:19.004833
W2_XL_input_noisy_2920.pdf,EmployeeAddress_City,Sheppardshire,0.85,2026-05-29 02:30:19.004880
W2_XL_input_noisy_2920.pdf,EmployeeAddress_State,ME,0.06,2026-05-29 02:30:19.004899
W2_XL_input_noisy_2920.pdf,EmployeeAddress_StreetAddressOrPostalBox,6099 Williams Plains,0.84,2026-05-29 02:30:19.004915
W2_XL_input_noisy_2920.pdf,EmployeeAddress_Zip,73950,0.72,2026-05-29 02:30:19.004931
W2_XL_input_noisy_2920.pdf,EmployeeName_FirstName,Kimberly,0.97,2026-05-29 02:30:19.004946
W2_XL_input_noisy_2920.pdf,EmployeeName_LastName,Miller,0.97,2026-05-29 02:30:19.004960
W2_XL_input_noisy_2920.pdf,EmployerAddress_AdditionalStreetAddressOrPostalBox,Port Stephanie C,0.89,2026-05-29 02:30:19.004975
W2_XL_input_noisy_2920.pdf,EmployerAddress_City,Port Stephanie,0.86,2026-05-29 02:30:19.004990
W2_XL_input_noisy_2920.pdf,EmployerAddress_State,DC,0.07,2026-05-29 02:30:19.005004
W2_XL_input_noisy_2920.pdf,EmployerAddress_StreetAddressOrPostalBox,1311 Stacey Track Apt. 105,0.87,2026-05-29 02:30:19.005019
W2_XL_input_noisy_2920.pdf,EmployerName,", Taylor and Rice Ltd",0.03,2026-05-29 02:30:19.005033
W2_XL_input_noisy_2920.pdf,FormYear,2010,0.99,2026-05-29 02:30:19.005049
W2_XL_input_noisy_2920.pdf,SocialSecurityWages,85026.15,0.94,2026-05-29 02:30:19.005064
W2_XL_input_noisy_2920.pdf,StateIncomeTax_Line1,108315.43,0.32,2026-05-29 02:30:19.005078
W2_XL_input_clean_1052.pdf,AllocatedTips,39141.06,0.88,2026-05-29 02:30:34.272149
W2_XL_input_clean_1052.pdf,ControlNumber,6415013,0.77,2026-05-29 02:30:34.272278
W2_XL_input_clean_1052.pdf,DependentCareBenefits,170,0.34,2026-05-29 02:30:34.272327
W2_XL_input_clean_1052.pdf,EIN,68-9101777,0.98,2026-05-29 02:30:34.272357
W2_XL_input_clean_1052.pdf,EmployeeAddress_StreetAddressOrPostalBox,9857 David Street Apt. 830,0.4,2026-05-29 02:30:34.272381
W2_XL_input_clean_1052.pdf,EmployeeName_FirstName,Chad,0.77,2026-05-29 02:30:34.272406
W2_XL_input_clean_1052.pdf,EmployeeName_LastName,Rubio,0.84,2026-05-29 02:30:34.272432
W2_XL_input_clean_1052.pdf,EmployerAddress_City,Fordburgh,0.9,2026-05-29 02:30:34.272456
W2_XL_input_clean_1052.pdf,EmployerAddress_State,ME,0.07,2026-05-29 02:30:34.272489
W2_XL_input_clean_1052.pdf,EmployerAddress_StreetAddressOrPostalBox,5942 Harrison Bridge,0.91,2026-05-29 02:30:34.272542
W2_XL_input_clean_1052.pdf,EmployerName,Collins-Santana Ltd,0.97,2026-05-29 02:30:34.272582
W2_XL_input_clean_1052.pdf,FederalIncomeTaxWithheld,16882.3,0.95,2026-05-29 02:30:34.272617
W2_XL_input_clean_1052.pdf,FormYear,2010,0.86,2026-05-29 02:30:34.272635
W2_XL_input_clean_1052.pdf,LocalIncomeTax_Line1,7182.83,0.73,2026-05-29 02:30:34.272650
W2_XL_input_clean_1052.pdf,LocalWagesTipsEtc_Line1,35373.58,0.37,2026-05-29 02:30:34.272665
W2_XL_input_clean_1052.pdf,LocalityName_Line1,Susan Trail,0.76,2026-05-29 02:30:34.272681
W2_XL_input_clean_1052.pdf,MedicareTaxWithheld,1135.09,0.96,2026-05-29 02:30:34.272731
W2_XL_input_clean_1052.pdf,MedicareWagesAndTips,39141.06,0.97,2026-05-29 02:30:34.272777
W2_XL_input_clean_1052.pdf,SSN,414-30-0177,0.99,2026-05-29 02:30:34.272808
W2_XL_input_clean_1052.pdf,SocialSecurityTaxWithheld,3475.51,0.93,2026-05-29 02:30:34.272831
W2_XL_input_clean_1052.pdf,SocialSecurityTips,45431.46,0.95,2026-05-29 02:30:34.272846
W2_XL_input_clean_1052.pdf,SocialSecurityWages,45431.46,0.98,2026-05-29 02:30:34.272861
W2_XL_input_clean_1052.pdf,StateIncomeTax_Line1,939.26,0.25,2026-05-29 02:30:34.272876
W2_XL_input_clean_1052.pdf,StateWagesTipsEtc_Line1,9.62,0.0,2026-05-29 02:30:34.272892
W2_XL_input_clean_1052.pdf,State_Line1,NH,0.42,2026-05-29 02:30:34.272906
W2_XL_input_clean_1052.pdf,WagesTipsOtherCompensation,47511.62,0.97,2026-05-29 02:30:34.272921
W2_XL_input_clean_1052.pdf,a_Code,H,0.57,2026-05-29 02:30:34.272936
W2_XL_input_clean_1052.pdf,a_Value,1735,0.09,2026-05-29 02:30:34.272951
W2_XL_input_clean_1052.pdf,c_Value,798,0.35,2026-05-29 02:30:34.272966
