source_file,entity_type,raw_value,confidence,extraction_timestamp
W2_XL_input_noisy_2922.pdf,AllocatedTips,173239.4,0.9386395812034607,2026-05-25 19:30:00.386118
W2_XL_input_noisy_2922.pdf,ControlNumber,8265563,0.8712447881698608,2026-05-25 19:30:00.386190
W2_XL_input_noisy_2922.pdf,DependentCareBenefits,256,0.31138700246810913,2026-05-25 19:30:00.386217
W2_XL_input_noisy_2922.pdf,EIN,68-1949016,0.9598370790481567,2026-05-25 19:30:00.386242
W2_XL_input_noisy_2922.pdf,EmployeeAddress_City,East Lori,0.8294389247894287,2026-05-25 19:30:00.386267
W2_XL_input_noisy_2922.pdf,EmployeeAddress_State,NY,0.07948901504278183,2026-05-25 19:30:00.386291
W2_XL_input_noisy_2922.pdf,EmployeeAddress_StreetAddressOrPostalBox,6243 Avila Mission Apt. 653,0.7409178614616394,2026-05-25 19:30:00.386314
W2_XL_input_noisy_2922.pdf,EmployeeAddress_Zip,43845,0.8099135756492615,2026-05-25 19:30:00.386344
W2_XL_input_noisy_2922.pdf,EmployeeName_FirstName,Tiffany,0.9621387720108032,2026-05-25 19:30:00.386371
W2_XL_input_noisy_2922.pdf,EmployeeName_LastName,Ramirez,0.9586480259895325,2026-05-25 19:30:00.386397
W2_XL_input_noisy_2922.pdf,EmployerAddress_City,Bryanport,0.920983076095581,2026-05-25 19:30:00.386418
W2_XL_input_noisy_2922.pdf,EmployerAddress_State,VT,0.07293868809938431,2026-05-25 19:30:00.386444
W2_XL_input_noisy_2922.pdf,EmployerAddress_StreetAddressOrPostalBox,2395 Joshua Center Apt. 267,0.8255178928375244,2026-05-25 19:30:00.386470
W2_XL_input_noisy_2922.pdf,EmployerName,"Harmon, Wang and Rodriguez and Sons",0.9306581616401672,2026-05-25 19:30:00.386486
W2_XL_input_noisy_2922.pdf,EmployerStateIdNumber_Line1,080-93-510,0.845761775970459,2026-05-25 19:30:00.386502
W2_XL_input_noisy_2922.pdf,FederalIncomeTaxWithheld,39400.69,0.9354727268218994,2026-05-25 19:30:00.386517
W2_XL_input_noisy_2922.pdf,FormYear,2010,0.8841465711593628,2026-05-25 19:30:00.386532
W2_XL_input_noisy_2922.pdf,LocalIncomeTax_Line1,23384.05,0.8887540102005005,2026-05-25 19:30:00.386548
W2_XL_input_noisy_2922.pdf,LocalWagesTipsEtc_Line1,154749.84,0.9179483652114868,2026-05-25 19:30:00.386562
W2_XL_input_noisy_2922.pdf,LocalityName_Line1,Katherine Mission,0.824024498462677,2026-05-25 19:30:00.386576
W2_XL_input_noisy_2922.pdf,MedicareTaxWithheld,5023.94,0.9479981064796448,2026-05-25 19:30:00.386589
W2_XL_input_noisy_2922.pdf,MedicareWagesAndTips,173239.4,0.9487440586090088,2026-05-25 19:30:00.386603
W2_XL_input_noisy_2922.pdf,SSN,070-82-9963,0.9445760250091553,2026-05-25 19:30:00.386617
W2_XL_input_noisy_2922.pdf,SocialSecurityTaxWithheld,15962.4,0.8478817343711853,2026-05-25 19:30:00.386631
W2_XL_input_noisy_2922.pdf,SocialSecurityTips,208658.82,0.9190478920936584,2026-05-25 19:30:00.386645
W2_XL_input_noisy_2922.pdf,SocialSecurityWages,208658.82,0.9476015567779541,2026-05-25 19:30:00.386659
W2_XL_input_noisy_2922.pdf,StateIncomeTax_Line1,23.84,0.5563326478004456,2026-05-25 19:30:00.386742
W2_XL_input_noisy_2922.pdf,StateWagesTipsEtc_Line1,93340.99,0.3367902338504791,2026-05-25 19:30:00.386757
W2_XL_input_noisy_2922.pdf,State_Line1,WV,0.9601819515228271,2026-05-25 19:30:00.386772
W2_XL_input_noisy_2922.pdf,WagesTipsOtherCompensation,175527.76,0.9582343697547913,2026-05-25 19:30:00.386789
W2_XL_input_noisy_2922.pdf,a_Value,2152,0.8896347284317017,2026-05-25 19:30:00.386803
W2_XL_input_noisy_2922.pdf,b_Code,G,0.6541324853897095,2026-05-25 19:30:00.386817
W2_XL_input_noisy_2922.pdf,c_Code,E,0.9057427048683167,2026-05-25 19:30:00.386831
W2_XL_input_noisy_2922.pdf,c_Value,690,0.6926478147506714,2026-05-25 19:30:00.386921
W2_XL_input_noisy_2922.pdf,d_Value,765,0.08613944053649902,2026-05-25 19:30:00.386951
W2_XL_input_clean_1359.pdf,AllocatedTips,83187.62,0.9439228177070618,2026-05-25 19:30:13.114551
W2_XL_input_clean_1359.pdf,ControlNumber,3937814,0.9374324083328247,2026-05-25 19:30:13.114600
W2_XL_input_clean_1359.pdf,DependentCareBenefits,239,0.7717185020446777,2026-05-25 19:30:13.114625
W2_XL_input_clean_1359.pdf,EIN,86-3619959,0.982196033000946,2026-05-25 19:30:13.114647
W2_XL_input_clean_1359.pdf,EmployeeAddress_City,New Catherine,0.9332718849182129,2026-05-25 19:30:13.114672
W2_XL_input_clean_1359.pdf,EmployeeAddress_State,WY,0.08359415084123611,2026-05-25 19:30:13.114689
W2_XL_input_clean_1359.pdf,EmployeeAddress_StreetAddressOrPostalBox,19447 Renee Parkways,0.8074083924293518,2026-05-25 19:30:13.114705
W2_XL_input_clean_1359.pdf,EmployeeAddress_Zip,93672,0.7719730138778687,2026-05-25 19:30:13.114722
W2_XL_input_clean_1359.pdf,EmployeeName_FirstName,Alison,0.9694305658340454,2026-05-25 19:30:13.114737
W2_XL_input_clean_1359.pdf,EmployeeName_LastName,Martinez,0.9691603779792786,2026-05-25 19:30:13.114751
W2_XL_input_clean_1359.pdf,EmployerAddress_City,Lake Amy,0.9478405117988586,2026-05-25 19:30:13.114766
W2_XL_input_clean_1359.pdf,EmployerAddress_State,PA,0.07293868809938431,2026-05-25 19:30:13.114779
W2_XL_input_clean_1359.pdf,EmployerAddress_StreetAddressOrPostalBox,66656 Johnson Brook Suite 053,0.7159000039100647,2026-05-25 19:30:13.114794
W2_XL_input_clean_1359.pdf,EmployerAddress_Zip,21885-2099,0.9756945371627808,2026-05-25 19:30:13.114808
W2_XL_input_clean_1359.pdf,EmployerName,Dennis-Erickson Ltd,0.9743322730064392,2026-05-25 19:30:13.114822
W2_XL_input_clean_1359.pdf,EmployerStateIdNumber_Line1,909-36-601,0.4234742820262909,2026-05-25 19:30:13.114835
W2_XL_input_clean_1359.pdf,FederalIncomeTaxWithheld,10638.61,0.9672375321388245,2026-05-25 19:30:13.114867
W2_XL_input_clean_1359.pdf,FormYear,2010,0.8129458427429199,2026-05-25 19:30:13.114882
W2_XL_input_clean_1359.pdf,LocalIncomeTax_Line1,10363.89,0.8492444157600403,2026-05-25 19:30:13.114896
W2_XL_input_clean_1359.pdf,LocalWagesTipsEtc_Line1,62539.27,0.8704241514205933,2026-05-25 19:30:13.114910
W2_XL_input_clean_1359.pdf,LocalityName_Line1,Young Springs,0.7710747122764587,2026-05-25 19:30:13.114924
W2_XL_input_clean_1359.pdf,MedicareTaxWithheld,2412.44,0.97736656665802,2026-05-25 19:30:13.114936
W2_XL_input_clean_1359.pdf,MedicareWagesAndTips,83187.62,0.9708046913146973,2026-05-25 19:30:13.114948
W2_XL_input_clean_1359.pdf,SSN,400-18-3267,0.9808223843574524,2026-05-25 19:30:13.114960
W2_XL_input_clean_1359.pdf,SocialSecurityTaxWithheld,5005.6,0.9677456617355347,2026-05-25 19:30:13.114975
W2_XL_input_clean_1359.pdf,SocialSecurityTips,65432.67,0.9867663979530334,2026-05-25 19:30:13.114995
W2_XL_input_clean_1359.pdf,SocialSecurityWages,65432.67,0.9646000862121582,2026-05-25 19:30:13.115014
W2_XL_input_clean_1359.pdf,StateIncomeTax_Line1,2187.65,0.40608248114585876,2026-05-25 19:30:13.115031
W2_XL_input_clean_1359.pdf,StateWagesTipsEtc_Line1,33773.73,0.33672085404396057,2026-05-25 19:30:13.115048
W2_XL_input_clean_1359.pdf,State_Line1,NV,0.8841414451599121,2026-05-25 19:30:13.115066
W2_XL_input_clean_1359.pdf,WagesTipsOtherCompensation,65875.11,0.9643782377243042,2026-05-25 19:30:13.115085
W2_XL_input_clean_1359.pdf,a_Code,H,0.7280967831611633,2026-05-25 19:30:13.115105
W2_XL_input_clean_1359.pdf,a_Value,2262,0.16708047688007355,2026-05-25 19:30:13.115124
W2_XL_input_clean_1359.pdf,b_Value,629,0.5819587111473083,2026-05-25 19:30:13.115146
W2_XL_input_clean_1359.pdf,c_Code,D,0.43436625599861145,2026-05-25 19:30:13.115167
W2_XL_input_clean_1359.pdf,c_Value,806,0.22490625083446503,2026-05-25 19:30:13.115181
W2_XL_input_clean_1112.pdf,AllocatedTips,114159.59,0.9400765895843506,2026-05-25 19:30:29.799633
W2_XL_input_clean_1112.pdf,ControlNumber,7074476,0.880763828754425,2026-05-25 19:30:29.799688
W2_XL_input_clean_1112.pdf,DependentCareBenefits,197,0.7463974952697754,2026-05-25 19:30:29.799707
W2_XL_input_clean_1112.pdf,EIN,56-7437876,0.9893904328346252,2026-05-25 19:30:29.799724
W2_XL_input_clean_1112.pdf,EmployeeAddress_City,Douglasfurt,0.7077515125274658,2026-05-25 19:30:29.799739
W2_XL_input_clean_1112.pdf,EmployeeAddress_State,IL,0.07205991446971893,2026-05-25 19:30:29.799753
W2_XL_input_clean_1112.pdf,EmployeeAddress_StreetAddressOrPostalBox,18383 Johnson Brook,0.6851036548614502,2026-05-25 19:30:29.799770
W2_XL_input_clean_1112.pdf,EmployeeAddress_Zip,18679,0.74420565366745,2026-05-25 19:30:29.799786
W2_XL_input_clean_1112.pdf,EmployeeName_FirstName,Jessica,0.974588930606842,2026-05-25 19:30:29.799801
W2_XL_input_clean_1112.pdf,EmployeeName_LastName,Wong,0.9463434219360352,2026-05-25 19:30:29.799816
W2_XL_input_clean_1112.pdf,EmployerAddress_City,Hughesmouth,0.5562950968742371,2026-05-25 19:30:29.799830
W2_XL_input_clean_1112.pdf,EmployerAddress_State,AR,0.07293868809938431,2026-05-25 19:30:29.799868
W2_XL_input_clean_1112.pdf,EmployerAddress_StreetAddressOrPostalBox,47823 Robert Forks,0.25940006971359253,2026-05-25 19:30:29.799898
W2_XL_input_clean_1112.pdf,EmployerName,Turner-Powell and Sons,0.9731884002685547,2026-05-25 19:30:29.799922
W2_XL_input_clean_1112.pdf,EmployerStateIdNumber_Line1,092-03-392,0.5845094323158264,2026-05-25 19:30:29.799937
W2_XL_input_clean_1112.pdf,FederalIncomeTaxWithheld,16509.94,0.9687491059303284,2026-05-25 19:30:29.799951
W2_XL_input_clean_1112.pdf,FormYear,2010,0.8600327968597412,2026-05-25 19:30:29.799965
W2_XL_input_clean_1112.pdf,LocalIncomeTax_Line1,11091.51,0.7112582921981812,2026-05-25 19:30:29.799979
W2_XL_input_clean_1112.pdf,LocalWagesTipsEtc_Line1,99452.5,0.558921217918396,2026-05-25 19:30:29.799993
W2_XL_input_clean_1112.pdf,LocalityName_Line1,Nichols Spring,0.7568129897117615,2026-05-25 19:30:29.800010
W2_XL_input_clean_1112.pdf,MedicareTaxWithheld,3310.63,0.9122122526168823,2026-05-25 19:30:29.800033
W2_XL_input_clean_1112.pdf,MedicareWagesAndTips,114159.59,0.9648876786231995,2026-05-25 19:30:29.800057
W2_XL_input_clean_1112.pdf,NonqualifiedPlans,262,0.021332772448658943,2026-05-25 19:30:29.800080
W2_XL_input_clean_1112.pdf,SSN,585-23-3255,0.9681808352470398,2026-05-25 19:30:29.800104
W2_XL_input_clean_1112.pdf,SocialSecurityTaxWithheld,10056.89,0.919955313205719,2026-05-25 19:30:29.800125
W2_XL_input_clean_1112.pdf,SocialSecurityTips,131462.56,0.9613800644874573,2026-05-25 19:30:29.800142
W2_XL_input_clean_1112.pdf,SocialSecurityWages,131462.56,0.957719624042511,2026-05-25 19:30:29.800165
W2_XL_input_clean_1112.pdf,StateIncomeTax_Line1,5451.43,0.6134018301963806,2026-05-25 19:30:29.800185
W2_XL_input_clean_1112.pdf,StateWagesTipsEtc_Line1,48957.06,0.4888361990451813,2026-05-25 19:30:29.800201
W2_XL_input_clean_1112.pdf,State_Line1,FL,0.7704106569290161,2026-05-25 19:30:29.800214
W2_XL_input_clean_1112.pdf,WagesTipsOtherCompensation,108752.74,0.9446889162063599,2026-05-25 19:30:29.800226
W2_XL_input_clean_1112.pdf,a_Value,2345,0.32879945635795593,2026-05-25 19:30:29.800238
W2_XL_input_clean_1112.pdf,b_Code,G,0.5420226454734802,2026-05-25 19:30:29.800251
W2_XL_input_clean_1112.pdf,c_Code,P,0.09035522490739822,2026-05-25 19:30:29.800263
W2_XL_input_clean_1112.pdf,c_Value,822,0.33350759744644165,2026-05-25 19:30:29.800276
W2_XL_input_clean_1332.pdf,AllocatedTips,98726.19,0.8758969306945801,2026-05-25 19:30:41.278884
W2_XL_input_clean_1332.pdf,ControlNumber,2209098,0.6862515807151794,2026-05-25 19:30:41.278938
W2_XL_input_clean_1332.pdf,DependentCareBenefits,257,0.8297920823097229,2026-05-25 19:30:41.278966
W2_XL_input_clean_1332.pdf,EIN,77-1212212,0.9864751696586609,2026-05-25 19:30:41.278995
W2_XL_input_clean_1332.pdf,EmployeeAddress_City,Kristinafort,0.8259300589561462,2026-05-25 19:30:41.279013
W2_XL_input_clean_1332.pdf,EmployeeAddress_State,WV,0.016194837167859077,2026-05-25 19:30:41.279027
W2_XL_input_clean_1332.pdf,EmployeeAddress_StreetAddressOrPostalBox,08165 Wilcox Ports,0.5305307507514954,2026-05-25 19:30:41.279042
W2_XL_input_clean_1332.pdf,EmployeeName_FirstName,Dean,0.8768094778060913,2026-05-25 19:30:41.279056
W2_XL_input_clean_1332.pdf,EmployeeName_LastName,Lynch,0.8636947870254517,2026-05-25 19:30:41.279070
W2_XL_input_clean_1332.pdf,EmployerAddress_City,Kathrynstad,0.8354204297065735,2026-05-25 19:30:41.279083
W2_XL_input_clean_1332.pdf,EmployerAddress_State,OH,0.07293868809938431,2026-05-25 19:30:41.279097
W2_XL_input_clean_1332.pdf,EmployerAddress_StreetAddressOrPostalBox,57258 Atkinson Glen Suite 787,0.38455262780189514,2026-05-25 19:30:41.279111
W2_XL_input_clean_1332.pdf,EmployerName,Mckenzie-Richards and Sons,0.9300006628036499,2026-05-25 19:30:41.279125
W2_XL_input_clean_1332.pdf,EmployerStateIdNumber_Line1,021-83-463,0.515153706073761,2026-05-25 19:30:41.279139
W2_XL_input_clean_1332.pdf,FederalIncomeTaxWithheld,9529.6,0.7323281168937683,2026-05-25 19:30:41.279155
W2_XL_input_clean_1332.pdf,FormYear,2010,0.8717549443244934,2026-05-25 19:30:41.279176
W2_XL_input_clean_1332.pdf,LocalIncomeTax_Line1,13488.35,0.8463001847267151,2026-05-25 19:30:41.279200
W2_XL_input_clean_1332.pdf,LocalWagesTipsEtc_Line1,85435.7,0.6891944408416748,2026-05-25 19:30:41.279225
W2_XL_input_clean_1332.pdf,LocalityName_Line1,Cochran Heights,0.7181282043457031,2026-05-25 19:30:41.279243
W2_XL_input_clean_1332.pdf,MedicareTaxWithheld,2863.06,0.9580586552619934,2026-05-25 19:30:41.279257
W2_XL_input_clean_1332.pdf,MedicareWagesAndTips,98726.19,0.9585901498794556,2026-05-25 19:30:41.279274
W2_XL_input_clean_1332.pdf,SSN,177-37-3195,0.9775676131248474,2026-05-25 19:30:41.279292
W2_XL_input_clean_1332.pdf,SocialSecurityTaxWithheld,7762.19,0.699353814125061,2026-05-25 19:30:41.279306
W2_XL_input_clean_1332.pdf,SocialSecurityTips,101466.49,0.989866316318512,2026-05-25 19:30:41.279321
W2_XL_input_clean_1332.pdf,SocialSecurityWages,101466.49,0.971594512462616,2026-05-25 19:30:41.279335
W2_XL_input_clean_1332.pdf,StateIncomeTax_Line1,3630.48,0.7093778848648071,2026-05-25 19:30:41.279350
W2_XL_input_clean_1332.pdf,StateWagesTipsEtc_Line1,36159.82,0.5799056887626648,2026-05-25 19:30:41.279364
W2_XL_input_clean_1332.pdf,State_Line1,OH,0.9190064668655396,2026-05-25 19:30:41.279377
W2_XL_input_clean_1332.pdf,WagesTipsOtherCompensation,78224.53,0.9626306891441345,2026-05-25 19:30:41.279391
W2_XL_input_clean_1332.pdf,a_Code,G,0.53703373670578,2026-05-25 19:30:41.279406
W2_XL_input_clean_1332.pdf,b_Code,H,0.15348586440086365,2026-05-25 19:30:41.279421
W2_XL_input_clean_1332.pdf,c_Value,400,0.32437261939048767,2026-05-25 19:30:41.279435
W2_XL_input_clean_1332.pdf,d_Code,G,0.0,2026-05-25 19:30:41.279448
W2_XL_input_clean_1111.pdf,AllocatedTips,77801.6,0.848159909248352,2026-05-25 19:30:55.266183
W2_XL_input_clean_1111.pdf,ControlNumber,4465324,0.7955095767974854,2026-05-25 19:30:55.266236
W2_XL_input_clean_1111.pdf,DependentCareBenefits,258,0.717444896697998,2026-05-25 19:30:55.266274
W2_XL_input_clean_1111.pdf,EIN,37-8327981,0.9827812910079956,2026-05-25 19:30:55.266298
W2_XL_input_clean_1111.pdf,EmployeeAddress_City,Jeremystad,0.8461991548538208,2026-05-25 19:30:55.266322
W2_XL_input_clean_1111.pdf,EmployeeAddress_State,HI,0.05953860282897949,2026-05-25 19:30:55.266340
W2_XL_input_clean_1111.pdf,EmployeeAddress_StreetAddressOrPostalBox,51361 Brent Plaza,0.6230135560035706,2026-05-25 19:30:55.266355
W2_XL_input_clean_1111.pdf,EmployeeAddress_Zip,52070,0.7894647121429443,2026-05-25 19:30:55.266369
W2_XL_input_clean_1111.pdf,EmployeeName_FirstName,Seth,0.9383009076118469,2026-05-25 19:30:55.266382
W2_XL_input_clean_1111.pdf,EmployeeName_LastName,Valdez,0.8824402093887329,2026-05-25 19:30:55.266394
W2_XL_input_clean_1111.pdf,EmployerAddress_City,South Ryanbury,0.5858707427978516,2026-05-25 19:30:55.266412
W2_XL_input_clean_1111.pdf,EmployerAddress_State,OK,0.07293868809938431,2026-05-25 19:30:55.266425
W2_XL_input_clean_1111.pdf,EmployerAddress_StreetAddressOrPostalBox,153 Gonzalez Centers,0.9019393920898438,2026-05-25 19:30:55.266437
W2_XL_input_clean_1111.pdf,EmployerName,Deleon-Cooper LLC,0.9656506180763245,2026-05-25 19:30:55.266449
W2_XL_input_clean_1111.pdf,EmployerStateIdNumber_Line1,361-87-912,0.6785629391670227,2026-05-25 19:30:55.266461
W2_XL_input_clean_1111.pdf,FederalIncomeTaxWithheld,7577.09,0.7843382954597473,2026-05-25 19:30:55.266474
W2_XL_input_clean_1111.pdf,FormYear,2010,0.8742928504943848,2026-05-25 19:30:55.266486
W2_XL_input_clean_1111.pdf,LocalIncomeTax_Line1,11893.38,0.8445412516593933,2026-05-25 19:30:55.266499
W2_XL_input_clean_1111.pdf,LocalWagesTipsEtc_Line1,64852.26,0.6872355341911316,2026-05-25 19:30:55.266511
W2_XL_input_clean_1111.pdf,LocalityName_Line1,Schultz Cape,0.8749178647994995,2026-05-25 19:30:55.266523
W2_XL_input_clean_1111.pdf,MedicareTaxWithheld,2256.25,0.9496587514877319,2026-05-25 19:30:55.266535
W2_XL_input_clean_1111.pdf,MedicareWagesAndTips,77801.6,0.9537340998649597,2026-05-25 19:30:55.266548
W2_XL_input_clean_1111.pdf,SSN,712-91-0316,0.979762852191925,2026-05-25 19:30:55.266560
W2_XL_input_clean_1111.pdf,SocialSecurityTaxWithheld,4259.68,0.8138286471366882,2026-05-25 19:30:55.266574
W2_XL_input_clean_1111.pdf,SocialSecurityTips,55682.15,0.9768431782722473,2026-05-25 19:30:55.266594
W2_XL_input_clean_1111.pdf,SocialSecurityWages,55682.15,0.974998414516449,2026-05-25 19:30:55.266615
W2_XL_input_clean_1111.pdf,StateIncomeTax_Line1,2633.16,0.5273319482803345,2026-05-25 19:30:55.266637
W2_XL_input_clean_1111.pdf,StateWagesTipsEtc_Line1,33676.6,0.3569217622280121,2026-05-25 19:30:55.266661
W2_XL_input_clean_1111.pdf,State_Line1,WI,0.7118899822235107,2026-05-25 19:30:55.266684
W2_XL_input_clean_1111.pdf,WagesTipsOtherCompensation,64813.97,0.9688259959220886,2026-05-25 19:30:55.266706
W2_XL_input_clean_1111.pdf,a_Code,G,0.6533920764923096,2026-05-25 19:30:55.266728
W2_XL_input_clean_1111.pdf,b_Value,302,0.2062438726425171,2026-05-25 19:30:55.266750
W2_XL_input_clean_1111.pdf,c_Value,728,0.6098991632461548,2026-05-25 19:30:55.266763
W2_XL_input_clean_1111.pdf,d_Code,E,0.0,2026-05-25 19:30:55.266776
W2_XL_input_clean_1114.pdf,AllocatedTips,215432.77,0.938319981098175,2026-05-25 19:31:07.809228
W2_XL_input_clean_1114.pdf,ControlNumber,8641437,0.9018922448158264,2026-05-25 19:31:07.809278
W2_XL_input_clean_1114.pdf,DependentCareBenefits,176,0.5660490989685059,2026-05-25 19:31:07.809301
W2_XL_input_clean_1114.pdf,EIN,03-7372643,0.9803155064582825,2026-05-25 19:31:07.809344
W2_XL_input_clean_1114.pdf,EmployeeAddress_State,NM,0.043714333325624466,2026-05-25 19:31:07.809358
W2_XL_input_clean_1114.pdf,EmployeeAddress_StreetAddressOrPostalBox,262 Jeremy Street,0.8545553088188171,2026-05-25 19:31:07.809371
W2_XL_input_clean_1114.pdf,EmployeeName_FirstName,Lee,0.9109458923339844,2026-05-25 19:31:07.809383
W2_XL_input_clean_1114.pdf,EmployeeName_LastName,Michael,0.7236337065696716,2026-05-25 19:31:07.809395
W2_XL_input_clean_1114.pdf,EmployerAddress_City,Amandamouth,0.9527266621589661,2026-05-25 19:31:07.809408
W2_XL_input_clean_1114.pdf,EmployerAddress_State,NH,0.07293868809938431,2026-05-25 19:31:07.809420
W2_XL_input_clean_1114.pdf,EmployerAddress_StreetAddressOrPostalBox,7533 Cooper Underpass Suite 795,0.8519861698150635,2026-05-25 19:31:07.809438
W2_XL_input_clean_1114.pdf,EmployerAddress_Zip,18881,0.8470162749290466,2026-05-25 19:31:07.809461
W2_XL_input_clean_1114.pdf,EmployerName,"Castro, Sanders and Bryant and Sons",0.9413905143737793,2026-05-25 19:31:07.809484
W2_XL_input_clean_1114.pdf,FederalIncomeTaxWithheld,56925.83,0.8627141714096069,2026-05-25 19:31:07.809501
W2_XL_input_clean_1114.pdf,FormYear,2010,0.8401994109153748,2026-05-25 19:31:07.809513
W2_XL_input_clean_1114.pdf,LocalIncomeTax_Line1,33760.84,0.7275633811950684,2026-05-25 19:31:07.809525
W2_XL_input_clean_1114.pdf,LocalWagesTipsEtc_Line1,180434.7,0.4077449440956116,2026-05-25 19:31:07.809538
W2_XL_input_clean_1114.pdf,LocalityName_Line1,Ashley Mountains,0.7849258780479431,2026-05-25 19:31:07.809550
W2_XL_input_clean_1114.pdf,MedicareTaxWithheld,6247.55,0.9297671914100647,2026-05-25 19:31:07.809562
W2_XL_input_clean_1114.pdf,MedicareWagesAndTips,215432.77,0.9530022144317627,2026-05-25 19:31:07.809575
W2_XL_input_clean_1114.pdf,NonqualifiedPlans,246,0.08384744822978973,2026-05-25 19:31:07.809587
W2_XL_input_clean_1114.pdf,SSN,834-82-6236,0.9725639820098877,2026-05-25 19:31:07.809599
W2_XL_input_clean_1114.pdf,SocialSecurityTaxWithheld,13495.02,0.8955825567245483,2026-05-25 19:31:07.809611
W2_XL_input_clean_1114.pdf,SocialSecurityTips,176405.48,0.964748740196228,2026-05-25 19:31:07.809623
W2_XL_input_clean_1114.pdf,SocialSecurityWages,176405.48,0.9365981817245483,2026-05-25 19:31:07.809635
W2_XL_input_clean_1114.pdf,StateIncomeTax_Line1,6547.83,0.5510960817337036,2026-05-25 19:31:07.809647
W2_XL_input_clean_1114.pdf,StateWagesTipsEtc_Line1,105711.84,0.3400171101093292,2026-05-25 19:31:07.809660
W2_XL_input_clean_1114.pdf,State_Line1,TX,0.7566946148872375,2026-05-25 19:31:07.809672
W2_XL_input_clean_1114.pdf,WagesTipsOtherCompensation,213171.39,0.9641858339309692,2026-05-25 19:31:07.809694
W2_XL_input_clean_1114.pdf,a_Value,9223,0.757411539554596,2026-05-25 19:31:07.809706
W2_XL_input_clean_1114.pdf,b_Code,E,0.7084864974021912,2026-05-25 19:31:07.809719
W2_XL_input_clean_1114.pdf,c_Code,E,0.4584712088108063,2026-05-25 19:31:07.809731
W2_XL_input_clean_1114.pdf,c_Value,145,0.11261981725692749,2026-05-25 19:31:07.809744
W2_XL_input_clean_1114.pdf,d_Code,P,0.0,2026-05-25 19:31:07.809756
W2_XL_input_clean_1119.pdf,AllocatedTips,40427.92,0.6837406754493713,2026-05-25 19:31:41.093805
W2_XL_input_clean_1119.pdf,ControlNumber,8569545,0.9059247374534607,2026-05-25 19:31:41.093870
W2_XL_input_clean_1119.pdf,DependentCareBenefits,224,0.5880023241043091,2026-05-25 19:31:41.093899
W2_XL_input_clean_1119.pdf,EIN,80-6012027,0.9847019910812378,2026-05-25 19:31:41.093922
W2_XL_input_clean_1119.pdf,EmployeeAddress_City,Simmonsberg,0.7758486866950989,2026-05-25 19:31:41.093942
W2_XL_input_clean_1119.pdf,EmployeeAddress_State,RI,0.04288288205862045,2026-05-25 19:31:41.093956
W2_XL_input_clean_1119.pdf,EmployeeAddress_StreetAddressOrPostalBox,0482 Jenna Street Suite 862,0.8521686792373657,2026-05-25 19:31:41.093969
W2_XL_input_clean_1119.pdf,EmployeeAddress_Zip,44511,0.8100336194038391,2026-05-25 19:31:41.093982
W2_XL_input_clean_1119.pdf,EmployeeName_FirstName,Martin,0.8673996925354004,2026-05-25 19:31:41.093994
W2_XL_input_clean_1119.pdf,EmployeeName_LastName,Becker,0.9658408761024475,2026-05-25 19:31:41.094006
W2_XL_input_clean_1119.pdf,EmployerAddress_City,West Andrew,0.9060079455375671,2026-05-25 19:31:41.094019
W2_XL_input_clean_1119.pdf,EmployerAddress_State,VT,0.07293868809938431,2026-05-25 19:31:41.094031
W2_XL_input_clean_1119.pdf,EmployerAddress_StreetAddressOrPostalBox,440 April Mall Apt. 644,0.8836607933044434,2026-05-25 19:31:41.094043
W2_XL_input_clean_1119.pdf,EmployerName,"George, Joseph and Acevedo LLC",0.9750009179115295,2026-05-25 19:31:41.094056
W2_XL_input_clean_1119.pdf,FederalIncomeTaxWithheld,16037.48,0.9667947292327881,2026-05-25 19:31:41.094069
W2_XL_input_clean_1119.pdf,FormYear,2010,0.8652607202529907,2026-05-25 19:31:41.094082
W2_XL_input_clean_1119.pdf,LocalIncomeTax_Line1,6149.35,0.6696439385414124,2026-05-25 19:31:41.094094
W2_XL_input_clean_1119.pdf,LocalWagesTipsEtc_Line1,45507.91,0.3770134150981903,2026-05-25 19:31:41.094109
W2_XL_input_clean_1119.pdf,LocalityName_Line1,Lindsey Parkways,0.781137228012085,2026-05-25 19:31:41.094129
W2_XL_input_clean_1119.pdf,MedicareTaxWithheld,1172.41,0.9622188806533813,2026-05-25 19:31:41.094151
W2_XL_input_clean_1119.pdf,MedicareWagesAndTips,40427.92,0.9649320840835571,2026-05-25 19:31:41.094174
W2_XL_input_clean_1119.pdf,NonqualifiedPlans,151,0.09333924204111099,2026-05-25 19:31:41.094193
W2_XL_input_clean_1119.pdf,SSN,420-83-7336,0.9853081703186035,2026-05-25 19:31:41.094206
W2_XL_input_clean_1119.pdf,SocialSecurityTaxWithheld,4106.86,0.9624851942062378,2026-05-25 19:31:41.094219
W2_XL_input_clean_1119.pdf,SocialSecurityTips,53684.46,0.9619647860527039,2026-05-25 19:31:41.094232
W2_XL_input_clean_1119.pdf,SocialSecurityWages,53684.46,0.9719263315200806,2026-05-25 19:31:41.094244
W2_XL_input_clean_1119.pdf,StateIncomeTax_Line1,1954.86,0.31819242238998413,2026-05-25 19:31:41.094271
W2_XL_input_clean_1119.pdf,State_Line1,GA,0.3166239857673645,2026-05-25 19:31:41.094285
W2_XL_input_clean_1119.pdf,WagesTipsOtherCompensation,43904.69,0.9688871502876282,2026-05-25 19:31:41.094304
W2_XL_input_clean_1119.pdf,a_Code,G,0.6904546022415161,2026-05-25 19:31:41.094324
W2_XL_input_clean_1119.pdf,a_Value,7385,0.071205273270607,2026-05-25 19:31:41.094342
W2_XL_input_clean_1119.pdf,c_Code,E,0.039077796041965485,2026-05-25 19:31:41.094361
W2_XL_input_clean_1016.pdf,AllocatedTips,123417.38,0.9447470307350159,2026-05-25 19:31:51.956437
W2_XL_input_clean_1016.pdf,ControlNumber,5614245,0.9235622882843018,2026-05-25 19:31:51.956484
W2_XL_input_clean_1016.pdf,DependentCareBenefits,234,0.7247631549835205,2026-05-25 19:31:51.956513
W2_XL_input_clean_1016.pdf,EIN,42-1580203,0.9790087938308716,2026-05-25 19:31:51.956537
W2_XL_input_clean_1016.pdf,EmployeeAddress_City,Chadfort,0.9225115776062012,2026-05-25 19:31:51.956562
W2_XL_input_clean_1016.pdf,EmployeeAddress_State,ND,0.06727587431669235,2026-05-25 19:31:51.956582
W2_XL_input_clean_1016.pdf,EmployeeAddress_StreetAddressOrPostalBox,73200 Tammy Bridge Apt. 560,0.60626620054245,2026-05-25 19:31:51.956605
W2_XL_input_clean_1016.pdf,EmployeeName_FirstName,Laura,0.9518716931343079,2026-05-25 19:31:51.956628
W2_XL_input_clean_1016.pdf,EmployeeName_LastName,Daniel,0.9315038919448853,2026-05-25 19:31:51.956655
W2_XL_input_clean_1016.pdf,EmployerAddress_City,Rubiotown,0.8658155202865601,2026-05-25 19:31:51.956673
W2_XL_input_clean_1016.pdf,EmployerAddress_State,IN,0.07293868809938431,2026-05-25 19:31:51.956725
W2_XL_input_clean_1016.pdf,EmployerAddress_StreetAddressOrPostalBox,706 Cook Island Apt. 840,0.7331197261810303,2026-05-25 19:31:51.956757
W2_XL_input_clean_1016.pdf,EmployerName,Jones-Jones Group,0.9498063325881958,2026-05-25 19:31:51.956819
W2_XL_input_clean_1016.pdf,EmployerStateIdNumber_Line1,328-54-651,0.7087357044219971,2026-05-25 19:31:51.956866
W2_XL_input_clean_1016.pdf,FederalIncomeTaxWithheld,28250.59,0.9636229872703552,2026-05-25 19:31:51.956893
W2_XL_input_clean_1016.pdf,FormYear,2010,0.9009981155395508,2026-05-25 19:31:51.956908
W2_XL_input_clean_1016.pdf,LocalIncomeTax_Line1,21665.12,0.8534597158432007,2026-05-25 19:31:51.956922
W2_XL_input_clean_1016.pdf,LocalWagesTipsEtc_Line1,126534.91,0.8147922158241272,2026-05-25 19:31:51.956940
W2_XL_input_clean_1016.pdf,LocalityName_Line1,Emily Harbor,0.6943206191062927,2026-05-25 19:31:51.956952
W2_XL_input_clean_1016.pdf,MedicareTaxWithheld,3579.1,0.9562510251998901,2026-05-25 19:31:51.956965
W2_XL_input_clean_1016.pdf,MedicareWagesAndTips,123417.38,0.9483454823493958,2026-05-25 19:31:51.956979
W2_XL_input_clean_1016.pdf,SSN,051-22-2256,0.9558995962142944,2026-05-25 19:31:51.956992
W2_XL_input_clean_1016.pdf,SocialSecurityTaxWithheld,9164.5,0.9564467668533325,2026-05-25 19:31:51.957004
W2_XL_input_clean_1016.pdf,SocialSecurityTips,119797.41,0.9722586274147034,2026-05-25 19:31:51.957017
W2_XL_input_clean_1016.pdf,SocialSecurityWages,119797.41,0.9389738440513611,2026-05-25 19:31:51.957029
W2_XL_input_clean_1016.pdf,StateIncomeTax_Line1,6923.11,0.6560549139976501,2026-05-25 19:31:51.957042
W2_XL_input_clean_1016.pdf,StateWagesTipsEtc_Line1,56466.68,0.6062010526657104,2026-05-25 19:31:51.957054
W2_XL_input_clean_1016.pdf,State_Line1,CA,0.7950440645217896,2026-05-25 19:31:51.957066
W2_XL_input_clean_1016.pdf,WagesTipsOtherCompensation,113671.47,0.9570831656455994,2026-05-25 19:31:51.957078
W2_XL_input_clean_1016.pdf,a_Value,8724,0.627709686756134,2026-05-25 19:31:51.957090
W2_XL_input_clean_1016.pdf,b_Code,G,0.7640582919120789,2026-05-25 19:31:51.957116
W2_XL_input_clean_1016.pdf,c_Code,D,0.47176671028137207,2026-05-25 19:31:51.957129
W2_XL_input_clean_1016.pdf,c_Value,697,0.3814125657081604,2026-05-25 19:31:51.957141
W2_XL_input_clean_1016.pdf,d_Code,G,1.0,2026-05-25 19:31:51.957154
W2_XL_input_clean_1279.pdf,AllocatedTips,105874.52,0.7530349493026733,2026-05-25 19:32:05.340091
W2_XL_input_clean_1279.pdf,ControlNumber,9134344,0.6526474952697754,2026-05-25 19:32:05.340129
W2_XL_input_clean_1279.pdf,DependentCareBenefits,130,0.6819921135902405,2026-05-25 19:32:05.340143
W2_XL_input_clean_1279.pdf,EIN,91-1320011,0.9898290634155273,2026-05-25 19:32:05.340155
W2_XL_input_clean_1279.pdf,EmployeeAddress_City,Beasleyside,0.8357681035995483,2026-05-25 19:32:05.340169
W2_XL_input_clean_1279.pdf,EmployeeAddress_State,NH,0.01283496804535389,2026-05-25 19:32:05.340183
W2_XL_input_clean_1279.pdf,EmployeeAddress_StreetAddressOrPostalBox,652 Ch,0.4936507046222687,2026-05-25 19:32:05.340195
W2_XL_input_clean_1279.pdf,EmployeeName_FirstName,James,0.7459845542907715,2026-05-25 19:32:05.340208
W2_XL_input_clean_1279.pdf,EmployerAddress_City,West Alexandriaport,0.5163019895553589,2026-05-25 19:32:05.340222
W2_XL_input_clean_1279.pdf,EmployerAddress_State,WV,0.07293868809938431,2026-05-25 19:32:05.340233
W2_XL_input_clean_1279.pdf,EmployerAddress_StreetAddressOrPostalBox,6109 Russell Shoals Suite 426,0.7478545308113098,2026-05-25 19:32:05.340245
W2_XL_input_clean_1279.pdf,EmployerName,Pruitt and Sons LLC,0.9693889617919922,2026-05-25 19:32:05.340256
W2_XL_input_clean_1279.pdf,EmployerStateIdNumber_Line1,156-92-654,0.6687689423561096,2026-05-25 19:32:05.340267
W2_XL_input_clean_1279.pdf,FederalIncomeTaxWithheld,28601.76,0.5877503156661987,2026-05-25 19:32:05.340278
W2_XL_input_clean_1279.pdf,FormYear,2010,0.8608487248420715,2026-05-25 19:32:05.340289
W2_XL_input_clean_1279.pdf,LocalIncomeTax_Line1,11682.75,0.8658592104911804,2026-05-25 19:32:05.340300
W2_XL_input_clean_1279.pdf,LocalWagesTipsEtc_Line1,61928.53,0.762092649936676,2026-05-25 19:32:05.340311
W2_XL_input_clean_1279.pdf,LocalityName_Line1,Oliver Road,0.7311693429946899,2026-05-25 19:32:05.340323
W2_XL_input_clean_1279.pdf,MedicareTaxWithheld,3070.36,0.9558600783348083,2026-05-25 19:32:05.340334
W2_XL_input_clean_1279.pdf,MedicareWagesAndTips,105874.52,0.9625594615936279,2026-05-25 19:32:05.340345
W2_XL_input_clean_1279.pdf,SSN,399-40-6859,0.9791964292526245,2026-05-25 19:32:05.340356
W2_XL_input_clean_1279.pdf,SocialSecurityTips,74517.27,0.9911500811576843,2026-05-25 19:32:05.340367
W2_XL_input_clean_1279.pdf,SocialSecurityWages,74517.27,0.9767003655433655,2026-05-25 19:32:05.340387
W2_XL_input_clean_1279.pdf,StateIncomeTax_Line1,4272.74,0.6820644736289978,2026-05-25 19:32:05.340408
W2_XL_input_clean_1279.pdf,StateWagesTipsEtc_Line1,36916.45,0.6612687706947327,2026-05-25 19:32:05.340430
W2_XL_input_clean_1279.pdf,State_Line1,DC,0.9569177031517029,2026-05-25 19:32:05.340447
W2_XL_input_clean_1279.pdf,WagesTipsOtherCompensation,81886.69,0.9656203389167786,2026-05-25 19:32:05.340459
W2_XL_input_clean_1279.pdf,c_Value,569,0.4164382219314575,2026-05-25 19:32:05.340470
W2_XL_input_clean_1183.pdf,AllocatedTips,138732.62,0.9436439275741577,2026-05-25 19:32:19.129637
W2_XL_input_clean_1183.pdf,ControlNumber,1232586,0.8550477623939514,2026-05-25 19:32:19.129673
W2_XL_input_clean_1183.pdf,DependentCareBenefits,220,0.7601574659347534,2026-05-25 19:32:19.129688
W2_XL_input_clean_1183.pdf,EIN,92-4094670,0.985917329788208,2026-05-25 19:32:19.129699
W2_XL_input_clean_1183.pdf,EmployeeAddress_City,Rebeccaberg,0.6623881459236145,2026-05-25 19:32:19.129711
W2_XL_input_clean_1183.pdf,EmployeeAddress_State,ID,0.04394172504544258,2026-05-25 19:32:19.129721
W2_XL_input_clean_1183.pdf,EmployeeAddress_StreetAddressOrPostalBox,4581 Mary Manor Apt. 944,0.7222554683685303,2026-05-25 19:32:19.129732
W2_XL_input_clean_1183.pdf,EmployeeName_FirstName,Michael,0.8978501558303833,2026-05-25 19:32:19.129742
W2_XL_input_clean_1183.pdf,EmployeeName_LastName,Hampton,0.9277680516242981,2026-05-25 19:32:19.129760
W2_XL_input_clean_1183.pdf,EmployerAddress_City,Lake Joseph,0.88623046875,2026-05-25 19:32:19.129771
W2_XL_input_clean_1183.pdf,EmployerAddress_State,NJ,0.07293868809938431,2026-05-25 19:32:19.129782
W2_XL_input_clean_1183.pdf,EmployerAddress_StreetAddressOrPostalBox,924 Fitzgerald Alley,0.9122430086135864,2026-05-25 19:32:19.129801
W2_XL_input_clean_1183.pdf,EmployerName,"Burton, Peters and Mitchell Group",0.9720972776412964,2026-05-25 19:32:19.129819
W2_XL_input_clean_1183.pdf,EmployerStateIdNumber_Line1,260-88-462,0.17122413218021393,2026-05-25 19:32:19.129837
W2_XL_input_clean_1183.pdf,FederalIncomeTaxWithheld,63453.52,0.9702680110931396,2026-05-25 19:32:19.129883
W2_XL_input_clean_1183.pdf,FormYear,2010,0.7927430272102356,2026-05-25 19:32:19.129903
W2_XL_input_clean_1183.pdf,LocalWagesTipsEtc_Line1,212645.3,0.09515135735273361,2026-05-25 19:32:19.129915
W2_XL_input_clean_1183.pdf,LocalityName_Line1,Christopher Fork,0.5959723591804504,2026-05-25 19:32:19.129926
W2_XL_input_clean_1183.pdf,MedicareTaxWithheld,4023.25,0.9580984711647034,2026-05-25 19:32:19.129937
W2_XL_input_clean_1183.pdf,MedicareWagesAndTips,138732.62,0.976447343826294,2026-05-25 19:32:19.129948
W2_XL_input_clean_1183.pdf,SSN,354-26-5152,0.9863734841346741,2026-05-25 19:32:19.129958
W2_XL_input_clean_1183.pdf,SocialSecurityTaxWithheld,12394.63,0.8108782172203064,2026-05-25 19:32:19.129969
W2_XL_input_clean_1183.pdf,SocialSecurityTips,162021.27,0.9881929755210876,2026-05-25 19:32:19.129980
W2_XL_input_clean_1183.pdf,SocialSecurityWages,162021.27,0.9756404161453247,2026-05-25 19:32:19.129990
W2_XL_input_clean_1183.pdf,StateIncomeTax_Line1,4379.79,0.20428122580051422,2026-05-25 19:32:19.130001
W2_XL_input_clean_1183.pdf,StateWagesTipsEtc_Line1,0.38,0.0003858053241856396,2026-05-25 19:32:19.130011
W2_XL_input_clean_1183.pdf,State_Line1,VT,0.8634759783744812,2026-05-25 19:32:19.130022
W2_XL_input_clean_1183.pdf,WagesTipsOtherCompensation,183862.68,0.9800180792808533,2026-05-25 19:32:19.130032
W2_XL_input_clean_1183.pdf,a_Value,1619,0.37166517972946167,2026-05-25 19:32:19.130042
W2_XL_input_clean_1183.pdf,b_Code,G,0.1192135140299797,2026-05-25 19:32:19.130053
W2_XL_input_clean_1174.pdf,AllocatedTips,102892.86,0.8769617080688477,2026-05-25 19:32:33.106381
W2_XL_input_clean_1174.pdf,ControlNumber,1303312,0.8686745166778564,2026-05-25 19:32:33.106421
W2_XL_input_clean_1174.pdf,DependentCareBenefits,155,0.35103943943977356,2026-05-25 19:32:33.106437
W2_XL_input_clean_1174.pdf,EIN,51-0291196,0.9919098019599915,2026-05-25 19:32:33.106459
W2_XL_input_clean_1174.pdf,EmployeeAddress_City,New Davidmouth,0.7673607468605042,2026-05-25 19:32:33.106478
W2_XL_input_clean_1174.pdf,EmployeeAddress_State,TX,0.050466977059841156,2026-05-25 19:32:33.106499
W2_XL_input_clean_1174.pdf,EmployeeAddress_StreetAddressOrPostalBox,8365 Katherine Grove Ap,0.6426427364349365,2026-05-25 19:32:33.106519
W2_XL_input_clean_1174.pdf,EmployeeName_FirstName,Christian,0.9332586526870728,2026-05-25 19:32:33.106538
W2_XL_input_clean_1174.pdf,EmployeeName_LastName,Armstrong,0.8517916798591614,2026-05-25 19:32:33.106557
W2_XL_input_clean_1174.pdf,EmployerAddress_City,Kristin,0.47965580224990845,2026-05-25 19:32:33.106575
W2_XL_input_clean_1174.pdf,EmployerAddress_State,KY,0.07293868809938431,2026-05-25 19:32:33.106593
W2_XL_input_clean_1174.pdf,EmployerAddress_StreetAddressOrPostalBox,18432 Adrienne Crescent Suite 717,0.14192239940166473,2026-05-25 19:32:33.106615
W2_XL_input_clean_1174.pdf,EmployerName,"Hoffman, Clark and Glenn Ltd",0.9232710003852844,2026-05-25 19:32:33.106632
W2_XL_input_clean_1174.pdf,EmployerStateIdNumber_Line1,943-05-924,0.5725960731506348,2026-05-25 19:32:33.106649
W2_XL_input_clean_1174.pdf,FederalIncomeTaxWithheld,14042.64,0.8902323246002197,2026-05-25 19:32:33.106668
W2_XL_input_clean_1174.pdf,FormYear,2010,0.8014073967933655,2026-05-25 19:32:33.106691
W2_XL_input_clean_1174.pdf,LocalIncomeTax_Line1,14844,0.5903200507164001,2026-05-25 19:32:33.106712
W2_XL_input_clean_1174.pdf,LocalWagesTipsEtc_Line1,89224.43,0.45316487550735474,2026-05-25 19:32:33.106732
W2_XL_input_clean_1174.pdf,MedicareTaxWithheld,2983.89,0.9584261178970337,2026-05-25 19:32:33.106750
W2_XL_input_clean_1174.pdf,MedicareWagesAndTips,102892.86,0.9633177518844604,2026-05-25 19:32:33.106771
W2_XL_input_clean_1174.pdf,SSN,373-85-0443,0.9873421788215637,2026-05-25 19:32:33.106794
W2_XL_input_clean_1174.pdf,SocialSecurityTaxWithheld,7023.3,0.9376975297927856,2026-05-25 19:32:33.106814
W2_XL_input_clean_1174.pdf,SocialSecurityTips,91807.86,0.9797953963279724,2026-05-25 19:32:33.106873
W2_XL_input_clean_1174.pdf,SocialSecurityWages,91807.86,0.97361820936203,2026-05-25 19:32:33.106901
W2_XL_input_clean_1174.pdf,StateIncomeTax_Line1,3700.76,0.43468838930130005,2026-05-25 19:32:33.106916
W2_XL_input_clean_1174.pdf,StateWagesTipsEtc_Line1,46157.16,0.5086795091629028,2026-05-25 19:32:33.106928
W2_XL_input_clean_1174.pdf,State_Line1,MT,0.903344452381134,2026-05-25 19:32:33.106946
W2_XL_input_clean_1174.pdf,WagesTipsOtherCompensation,85364.78,0.9758443236351013,2026-05-25 19:32:33.106967
W2_XL_input_clean_1174.pdf,a_Code,G,0.7102370262145996,2026-05-25 19:32:33.106989
W2_XL_input_clean_1174.pdf,a_Value,3197,0.10605642944574356,2026-05-25 19:32:33.107012
W2_XL_input_clean_1174.pdf,b_Value,712,0.25289323925971985,2026-05-25 19:32:33.107034
W2_XL_input_clean_1174.pdf,c_Code,D,0.16639912128448486,2026-05-25 19:32:33.107055
W2_XL_input_clean_1174.pdf,c_Value,318,0.22027269005775452,2026-05-25 19:32:33.107067
W2_XL_input_clean_1015.pdf,AllocatedTips,84120.42,0.9653523564338684,2026-05-25 19:32:43.179496
W2_XL_input_clean_1015.pdf,ControlNumber,2302462,0.8044580221176147,2026-05-25 19:32:43.179546
W2_XL_input_clean_1015.pdf,DependentCareBenefits,281,0.710151195526123,2026-05-25 19:32:43.179571
W2_XL_input_clean_1015.pdf,EIN,63-3760542,0.9859667420387268,2026-05-25 19:32:43.179594
W2_XL_input_clean_1015.pdf,EmployeeAddress_City,East Lisa,0.9041674137115479,2026-05-25 19:32:43.179607
W2_XL_input_clean_1015.pdf,EmployeeAddress_State,UT,0.07677922397851944,2026-05-25 19:32:43.179620
W2_XL_input_clean_1015.pdf,EmployeeAddress_StreetAddressOrPostalBox,672 Brian Common Suite 123,0.7013984322547913,2026-05-25 19:32:43.179633
W2_XL_input_clean_1015.pdf,EmployeeAddress_Zip,55739,0.8238242864608765,2026-05-25 19:32:43.179646
W2_XL_input_clean_1015.pdf,EmployeeName_FirstName,Aaron,0.937223494052887,2026-05-25 19:32:43.179658
W2_XL_input_clean_1015.pdf,EmployeeName_LastName,Swanson,0.9072713255882263,2026-05-25 19:32:43.179671
W2_XL_input_clean_1015.pdf,EmployerAddress_City,Port Christianberg,0.7054991126060486,2026-05-25 19:32:43.179684
W2_XL_input_clean_1015.pdf,EmployerAddress_State,KS,0.07293868809938431,2026-05-25 19:32:43.179696
W2_XL_input_clean_1015.pdf,EmployerAddress_StreetAddressOrPostalBox,84831 Hill Centers Apt. 984,0.8966736793518066,2026-05-25 19:32:43.179709
W2_XL_input_clean_1015.pdf,EmployerAddress_Zip,62700,0.80830979347229,2026-05-25 19:32:43.179728
W2_XL_input_clean_1015.pdf,EmployerName,Douglas LLC Ltd,0.9720649123191833,2026-05-25 19:32:43.179741
W2_XL_input_clean_1015.pdf,EmployerStateIdNumber_Line1,853-09-125,0.2909674048423767,2026-05-25 19:32:43.179753
W2_XL_input_clean_1015.pdf,FederalIncomeTaxWithheld,32659.11,0.9621665477752686,2026-05-25 19:32:43.179772
W2_XL_input_clean_1015.pdf,FormYear,2010,0.8151256442070007,2026-05-25 19:32:43.179793
W2_XL_input_clean_1015.pdf,LocalIncomeTax_Line1,18355.39,0.7936768531799316,2026-05-25 19:32:43.179815
W2_XL_input_clean_1015.pdf,LocalWagesTipsEtc_Line1,67357.24,0.42936721444129944,2026-05-25 19:32:43.179833
W2_XL_input_clean_1015.pdf,LocalityName_Line1,Katherine Manors,0.7819401621818542,2026-05-25 19:32:43.179867
W2_XL_input_clean_1015.pdf,MedicareTaxWithheld,2439.49,0.9724116921424866,2026-05-25 19:32:43.179882
W2_XL_input_clean_1015.pdf,MedicareWagesAndTips,84120.42,0.9465550780296326,2026-05-25 19:32:43.179895
W2_XL_input_clean_1015.pdf,SSN,466-91-3126,0.974672794342041,2026-05-25 19:32:43.179907
W2_XL_input_clean_1015.pdf,SocialSecurityTaxWithheld,5221.03,0.9650697708129883,2026-05-25 19:32:43.179919
W2_XL_input_clean_1015.pdf,SocialSecurityTips,68248.81,0.9111589789390564,2026-05-25 19:32:43.179932
W2_XL_input_clean_1015.pdf,SocialSecurityWages,68248.81,0.944973349571228,2026-05-25 19:32:43.179944
W2_XL_input_clean_1015.pdf,StateIncomeTax_Line1,3933.42,0.26185667514801025,2026-05-25 19:32:43.179956
W2_XL_input_clean_1015.pdf,StateWagesTipsEtc_Line1,4.64,0.0006274195620790124,2026-05-25 19:32:43.179968
W2_XL_input_clean_1015.pdf,State_Line1,NV,0.8003110289573669,2026-05-25 19:32:43.180087
W2_XL_input_clean_1015.pdf,WagesTipsOtherCompensation,94560.78,0.7744690179824829,2026-05-25 19:32:43.180105
W2_XL_input_clean_1015.pdf,b_Value,843,0.378651887178421,2026-05-25 19:32:43.180127
W2_XL_input_clean_1015.pdf,c_Code,E,0.4150307774543762,2026-05-25 19:32:43.180141
W2_XL_input_clean_1015.pdf,c_Value,894,0.32670122385025024,2026-05-25 19:32:43.180154
W2_XL_input_clean_1047.pdf,AllocatedTips,236801.07,0.9289729595184326,2026-05-25 19:33:21.878720
W2_XL_input_clean_1047.pdf,ControlNumber,6595933,0.7844182252883911,2026-05-25 19:33:21.878773
W2_XL_input_clean_1047.pdf,DependentCareBenefits,195,0.20375880599021912,2026-05-25 19:33:21.878796
W2_XL_input_clean_1047.pdf,EIN,76-6996539,0.987805962562561,2026-05-25 19:33:21.878827
W2_XL_input_clean_1047.pdf,EmployeeAddress_City,Ginabury,0.6510093212127686,2026-05-25 19:33:21.878868
W2_XL_input_clean_1047.pdf,EmployeeAddress_State,MD,0.015408392995595932,2026-05-25 19:33:21.878886
W2_XL_input_clean_1047.pdf,EmployeeAddress_StreetAddressOrPostalBox,56348 Ochoa,0.3687460422515869,2026-05-25 19:33:21.878901
W2_XL_input_clean_1047.pdf,EmployeeName_FirstName,Theresa,0.8803204298019409,2026-05-25 19:33:21.878915
W2_XL_input_clean_1047.pdf,EmployeeName_LastName,Benson,0.8588189482688904,2026-05-25 19:33:21.878929
W2_XL_input_clean_1047.pdf,EmployerAddress_City,Amyborough,0.9030208587646484,2026-05-25 19:33:21.878943
W2_XL_input_clean_1047.pdf,EmployerAddress_State,GA,0.07293868809938431,2026-05-25 19:33:21.878957
W2_XL_input_clean_1047.pdf,EmployerAddress_StreetAddressOrPostalBox,6147 Rodriguez Walks,0.8551585674285889,2026-05-25 19:33:21.878970
W2_XL_input_clean_1047.pdf,EmployerName,Dominguez PLC Inc,0.9741847515106201,2026-05-25 19:33:21.878984
W2_XL_input_clean_1047.pdf,EmployerStateIdNumber_Line1,982-11-893,0.21256442368030548,2026-05-25 19:33:21.878998
W2_XL_input_clean_1047.pdf,FederalIncomeTaxWithheld,51816.32,0.9114271402359009,2026-05-25 19:33:21.879011
W2_XL_input_clean_1047.pdf,FormYear,2010,0.7527961730957031,2026-05-25 19:33:21.879025
W2_XL_input_clean_1047.pdf,LocalIncomeTax_Line1,31434,0.6415995359420776,2026-05-25 19:33:21.879039
W2_XL_input_clean_1047.pdf,LocalWagesTipsEtc_Line1,249354.76,0.36808913946151733,2026-05-25 19:33:21.879059
W2_XL_input_clean_1047.pdf,LocalityName_Line1,Clark Point,0.6562988758087158,2026-05-25 19:33:21.879081
W2_XL_input_clean_1047.pdf,MedicareTaxWithheld,6867.23,0.9451494812965393,2026-05-25 19:33:21.879105
W2_XL_input_clean_1047.pdf,MedicareWagesAndTips,236801.07,0.9713649749755859,2026-05-25 19:33:21.879120
W2_XL_input_clean_1047.pdf,NonqualifiedPlans,177,0.03950301557779312,2026-05-25 19:33:21.879134
W2_XL_input_clean_1047.pdf,SSN,661-07-8943,0.9796859622001648,2026-05-25 19:33:21.879149
W2_XL_input_clean_1047.pdf,SocialSecurityTaxWithheld,19900.68,0.8102108240127563,2026-05-25 19:33:21.879164
W2_XL_input_clean_1047.pdf,SocialSecurityTips,260139.66,0.9701097011566162,2026-05-25 19:33:21.879177
W2_XL_input_clean_1047.pdf,SocialSecurityWages,260139.66,0.9674513339996338,2026-05-25 19:33:21.879191
W2_XL_input_clean_1047.pdf,StateIncomeTax_Line1,10241.15,0.5056580901145935,2026-05-25 19:33:21.879205
W2_XL_input_clean_1047.pdf,StateWagesTipsEtc_Line1,103385.48,0.22928015887737274,2026-05-25 19:33:21.879218
W2_XL_input_clean_1047.pdf,State_Line1,NV,0.7179486751556396,2026-05-25 19:33:21.879232
W2_XL_input_clean_1047.pdf,WagesTipsOtherCompensation,215823.29,0.9729639887809753,2026-05-25 19:33:21.879246
W2_XL_input_clean_1047.pdf,a_Value,4479,0.3974977433681488,2026-05-25 19:33:21.879259
W2_XL_input_clean_1047.pdf,c_Code,G,0.05365893244743347,2026-05-25 19:33:21.879274
W2_XL_input_clean_1047.pdf,c_Value,587,0.2060088962316513,2026-05-25 19:33:21.879288
W2_XL_input_clean_1377.pdf,AllocatedTips,71948.48,0.9554440379142761,2026-05-25 19:33:40.339820
W2_XL_input_clean_1377.pdf,ControlNumber,2724255,0.820848822593689,2026-05-25 19:33:40.339894
W2_XL_input_clean_1377.pdf,DependentCareBenefits,194,0.45692434906959534,2026-05-25 19:33:40.339924
W2_XL_input_clean_1377.pdf,EIN,60-1723361,0.9745790362358093,2026-05-25 19:33:40.339948
W2_XL_input_clean_1377.pdf,EmployeeAddress_City,Jimenezberg,0.7472400069236755,2026-05-25 19:33:40.339962
W2_XL_input_clean_1377.pdf,EmployeeAddress_State,CO,0.04313551262021065,2026-05-25 19:33:40.339975
W2_XL_input_clean_1377.pdf,EmployeeAddress_StreetAddressOrPostalBox,868 Thompson Neck Apt. 762,0.6758067011833191,2026-05-25 19:33:40.339988
W2_XL_input_clean_1377.pdf,EmployeeName_FirstName,Michael,0.9345571398735046,2026-05-25 19:33:40.340000
W2_XL_input_clean_1377.pdf,EmployeeName_LastName,Francis,0.8610531091690063,2026-05-25 19:33:40.340012
W2_XL_input_clean_1377.pdf,EmployerAddress_City,Catherineland,0.9422979950904846,2026-05-25 19:33:40.340025
W2_XL_input_clean_1377.pdf,EmployerAddress_State,NC,0.07293868809938431,2026-05-25 19:33:40.340037
W2_XL_input_clean_1377.pdf,EmployerAddress_StreetAddressOrPostalBox,56746 Shane Forge Suite 085,0.7950335144996643,2026-05-25 19:33:40.340050
W2_XL_input_clean_1377.pdf,EmployerAddress_Zip,78149,0.8063824772834778,2026-05-25 19:33:40.340062
W2_XL_input_clean_1377.pdf,EmployerName,"Neal, Jones and Mejia Inc",0.9625560641288757,2026-05-25 19:33:40.340076
W2_XL_input_clean_1377.pdf,EmployerStateIdNumber_Line1,265-09-650,0.2896641194820404,2026-05-25 19:33:40.340095
W2_XL_input_clean_1377.pdf,FederalIncomeTaxWithheld,11879.35,0.9478066563606262,2026-05-25 19:33:40.340115
W2_XL_input_clean_1377.pdf,FormYear,2010,0.7401484847068787,2026-05-25 19:33:40.340138
W2_XL_input_clean_1377.pdf,LocalWagesTipsEtc_Line1,112703.86,0.3114553689956665,2026-05-25 19:33:40.340157
W2_XL_input_clean_1377.pdf,LocalityName_Line1,Chase Hills,0.48398545384407043,2026-05-25 19:33:40.340170
W2_XL_input_clean_1377.pdf,MedicareTaxWithheld,2086.51,0.9541082978248596,2026-05-25 19:33:40.340189
W2_XL_input_clean_1377.pdf,MedicareWagesAndTips,71948.48,0.9618149399757385,2026-05-25 19:33:40.340202
W2_XL_input_clean_1377.pdf,SSN,248-55-3211,0.960788369178772,2026-05-25 19:33:40.340215
W2_XL_input_clean_1377.pdf,SocialSecurityTaxWithheld,7712.7,0.8875665664672852,2026-05-25 19:33:40.340227
W2_XL_input_clean_1377.pdf,SocialSecurityTips,100819.65,0.9876561164855957,2026-05-25 19:33:40.340239
W2_XL_input_clean_1377.pdf,SocialSecurityWages,100819.65,0.9674431085586548,2026-05-25 19:33:40.340252
W2_XL_input_clean_1377.pdf,StateIncomeTax_Line1,1973.6,0.335028737783432,2026-05-25 19:33:40.340264
W2_XL_input_clean_1377.pdf,StateWagesTipsEtc_Line1,46243.89,0.17053894698619843,2026-05-25 19:33:40.340292
W2_XL_input_clean_1377.pdf,State_Line1,NM,0.4951866567134857,2026-05-25 19:33:40.340304
W2_XL_input_clean_1377.pdf,WagesTipsOtherCompensation,88169.11,0.9722344875335693,2026-05-25 19:33:40.340317
W2_XL_input_clean_1377.pdf,a_Value,2166,0.5659222602844238,2026-05-25 19:33:40.340329
W2_XL_input_clean_1377.pdf,b_Code,E,0.12790943682193756,2026-05-25 19:33:40.340343
W2_XL_input_clean_1377.pdf,c_Code,G,0.08547459542751312,2026-05-25 19:33:40.340356
W2_XL_input_clean_1377.pdf,c_Value,516,0.1264468878507614,2026-05-25 19:33:40.340368
W2_XL_input_clean_1012.pdf,AllocatedTips,63120.83,0.8452688455581665,2026-05-25 19:34:03.987910
W2_XL_input_clean_1012.pdf,ControlNumber,3674217,0.9201451539993286,2026-05-25 19:34:03.987960
W2_XL_input_clean_1012.pdf,DependentCareBenefits,110,0.6304017901420593,2026-05-25 19:34:03.987977
W2_XL_input_clean_1012.pdf,EIN,91-4181453,0.9865309596061707,2026-05-25 19:34:03.987990
W2_XL_input_clean_1012.pdf,EmployeeAddress_City,South Robert,0.7551677227020264,2026-05-25 19:34:03.988002
W2_XL_input_clean_1012.pdf,EmployeeAddress_State,MD,0.058332689106464386,2026-05-25 19:34:03.988015
W2_XL_input_clean_1012.pdf,EmployeeAddress_StreetAddressOrPostalBox,68390 Blackwell Drive,0.7011236548423767,2026-05-25 19:34:03.988027
W2_XL_input_clean_1012.pdf,EmployeeName_FirstName,Joseph,0.9811694622039795,2026-05-25 19:34:03.988039
W2_XL_input_clean_1012.pdf,EmployeeName_LastName,Miller,0.971579909324646,2026-05-25 19:34:03.988051
W2_XL_input_clean_1012.pdf,EmployerAddress_City,Jessicastad,0.9329485297203064,2026-05-25 19:34:03.988063
W2_XL_input_clean_1012.pdf,EmployerAddress_State,MA,0.07293868809938431,2026-05-25 19:34:03.988074
W2_XL_input_clean_1012.pdf,EmployerAddress_StreetAddressOrPostalBox,5154 Amanda Station Suite 315,0.8657002449035645,2026-05-25 19:34:03.988086
W2_XL_input_clean_1012.pdf,EmployerAddress_Zip,10423,0.9456886053085327,2026-05-25 19:34:03.988098
W2_XL_input_clean_1012.pdf,EmployerName,Mitchell-Price Ltd,0.9730508923530579,2026-05-25 19:34:03.988109
W2_XL_input_clean_1012.pdf,EmployerStateIdNumber_Line1,323-54-979,0.5921948552131653,2026-05-25 19:34:03.988121
W2_XL_input_clean_1012.pdf,FederalIncomeTaxWithheld,9384.61,0.9475782513618469,2026-05-25 19:34:03.988134
W2_XL_input_clean_1012.pdf,FormYear,2010,0.8111472725868225,2026-05-25 19:34:03.988156
W2_XL_input_clean_1012.pdf,LocalIncomeTax_Line1,6826.99,0.818041205406189,2026-05-25 19:34:03.988178
W2_XL_input_clean_1012.pdf,LocalWagesTipsEtc_Line1,49076.8,0.7698503136634827,2026-05-25 19:34:03.988212
W2_XL_input_clean_1012.pdf,LocalityName_Line1,Cameron Lakes,0.8365257978439331,2026-05-25 19:34:03.988226
W2_XL_input_clean_1012.pdf,MedicareTaxWithheld,1830.5,0.9697503447532654,2026-05-25 19:34:03.988237
W2_XL_input_clean_1012.pdf,MedicareWagesAndTips,63120.83,0.9627236127853394,2026-05-25 19:34:03.988248
W2_XL_input_clean_1012.pdf,SSN,246-23-8883,0.9864097833633423,2026-05-25 19:34:03.988259
W2_XL_input_clean_1012.pdf,SocialSecurityTaxWithheld,4371.6,0.9666436314582825,2026-05-25 19:34:03.988271
W2_XL_input_clean_1012.pdf,SocialSecurityTips,57145.11,0.9909487962722778,2026-05-25 19:34:03.988283
W2_XL_input_clean_1012.pdf,SocialSecurityWages,57145.11,0.9741023778915405,2026-05-25 19:34:03.988296
W2_XL_input_clean_1012.pdf,StateIncomeTax_Line1,2107.83,0.6978596448898315,2026-05-25 19:34:03.988316
W2_XL_input_clean_1012.pdf,StateWagesTipsEtc_Line1,27166.89,0.550022542476654,2026-05-25 19:34:03.988336
W2_XL_input_clean_1012.pdf,State_Line1,CT,0.957039475440979,2026-05-25 19:34:03.988357
W2_XL_input_clean_1012.pdf,WagesTipsOtherCompensation,50379.86,0.9537863731384277,2026-05-25 19:34:03.988378
W2_XL_input_clean_1012.pdf,a_Code,H,0.7546367645263672,2026-05-25 19:34:03.988401
W2_XL_input_clean_1012.pdf,a_Value,7305,0.16207846999168396,2026-05-25 19:34:03.988418
W2_XL_input_clean_1012.pdf,b_Code,E,0.564712405204773,2026-05-25 19:34:03.988435
W2_XL_input_clean_1012.pdf,c_Value,882,0.5137558579444885,2026-05-25 19:34:03.988457
W2_XL_input_clean_1012.pdf,d_Code,H,2.8185381546058652e-12,2026-05-25 19:34:03.988477
W2_XL_input_clean_1287.pdf,AllocatedTips,82909.87,0.949316143989563,2026-05-25 19:34:15.524884
W2_XL_input_clean_1287.pdf,ControlNumber,2678516,0.9305298328399658,2026-05-25 19:34:15.524938
W2_XL_input_clean_1287.pdf,DependentCareBenefits,251,0.8531351089477539,2026-05-25 19:34:15.524961
W2_XL_input_clean_1287.pdf,EIN,54-0079785,0.991622269153595,2026-05-25 19:34:15.524977
W2_XL_input_clean_1287.pdf,EmployeeAddress_City,New Samuelfort,0.7689683437347412,2026-05-25 19:34:15.524990
W2_XL_input_clean_1287.pdf,EmployeeAddress_State,LA,0.04631231725215912,2026-05-25 19:34:15.525003
W2_XL_input_clean_1287.pdf,EmployeeAddress_StreetAddressOrPostalBox,2054 Thompson Cove Apt. 902,0.7377310991287231,2026-05-25 19:34:15.525015
W2_XL_input_clean_1287.pdf,EmployeeName_FirstName,Jennifer,0.9688632488250732,2026-05-25 19:34:15.525029
W2_XL_input_clean_1287.pdf,EmployeeName_LastName,Woods,0.9636884331703186,2026-05-25 19:34:15.525041
W2_XL_input_clean_1287.pdf,EmployerAddress_City,Margaretport,0.9650233387947083,2026-05-25 19:34:15.525053
W2_XL_input_clean_1287.pdf,EmployerAddress_State,RI,0.07293868809938431,2026-05-25 19:34:15.525065
W2_XL_input_clean_1287.pdf,EmployerAddress_StreetAddressOrPostalBox,7241 Howe Cliffs Apt. 961,0.8580048084259033,2026-05-25 19:34:15.525077
W2_XL_input_clean_1287.pdf,EmployerAddress_Zip,69077,0.7979640364646912,2026-05-25 19:34:15.525089
W2_XL_input_clean_1287.pdf,EmployerName,Townsend-Blair Group,0.9830850958824158,2026-05-25 19:34:15.525101
W2_XL_input_clean_1287.pdf,EmployerStateIdNumber_Line1,334-42-792,0.19930055737495422,2026-05-25 19:34:15.525113
W2_XL_input_clean_1287.pdf,FederalIncomeTaxWithheld,23017.15,0.9346857070922852,2026-05-25 19:34:15.525125
W2_XL_input_clean_1287.pdf,FormYear,2010,0.8009116053581238,2026-05-25 19:34:15.525137
W2_XL_input_clean_1287.pdf,LocalIncomeTax_Line1,17616.25,0.8198349475860596,2026-05-25 19:34:15.525149
W2_XL_input_clean_1287.pdf,LocalWagesTipsEtc_Line1,115511.5,0.7448645234107971,2026-05-25 19:34:15.525170
W2_XL_input_clean_1287.pdf,LocalityName_Line1,Brown Prairie,0.8424604535102844,2026-05-25 19:34:15.525183
W2_XL_input_clean_1287.pdf,MedicareTaxWithheld,2404.39,0.9501396417617798,2026-05-25 19:34:15.525195
W2_XL_input_clean_1287.pdf,MedicareWagesAndTips,82909.87,0.9714610576629639,2026-05-25 19:34:15.525207
W2_XL_input_clean_1287.pdf,NonqualifiedPlans,151,0.061768535524606705,2026-05-25 19:34:15.525234
W2_XL_input_clean_1287.pdf,SSN,816-46-6317,0.9847782850265503,2026-05-25 19:34:15.525246
W2_XL_input_clean_1287.pdf,SocialSecurityTaxWithheld,8291.59,0.9620488882064819,2026-05-25 19:34:15.525258
W2_XL_input_clean_1287.pdf,SocialSecurityTips,108386.81,0.9778755307197571,2026-05-25 19:34:15.525270
W2_XL_input_clean_1287.pdf,SocialSecurityWages,108386.81,0.9650724530220032,2026-05-25 19:34:15.525282
W2_XL_input_clean_1287.pdf,StateIncomeTax_Line1,2533.57,0.4125343859195709,2026-05-25 19:34:15.525294
W2_XL_input_clean_1287.pdf,StateWagesTipsEtc_Line1,55410.37,0.34367305040359497,2026-05-25 19:34:15.525306
W2_XL_input_clean_1287.pdf,State_Line1,WY,0.6482725143432617,2026-05-25 19:34:15.525317
W2_XL_input_clean_1287.pdf,WagesTipsOtherCompensation,102405.57,0.9786311388015747,2026-05-25 19:34:15.525329
W2_XL_input_clean_1287.pdf,a_Value,5764,0.7326815724372864,2026-05-25 19:34:15.525341
W2_XL_input_clean_1287.pdf,b_Code,H,0.33202990889549255,2026-05-25 19:34:15.525360
W2_XL_input_clean_1287.pdf,b_Value,952,0.11088081449270248,2026-05-25 19:34:15.525381
W2_XL_input_clean_1287.pdf,c_Code,D,0.41519424319267273,2026-05-25 19:34:15.525401
W2_XL_input_clean_1287.pdf,c_Value,749,0.23038502037525177,2026-05-25 19:34:15.525421
W2_XL_input_noisy_2974.pdf,EmployeeAddress_StreetAddressOrPostalBox,8596 Robert Dale Apt. 510,0.8295491337776184,2026-05-25 19:34:41.738416
W2_XL_input_noisy_2974.pdf,EmployeeName_FirstName,Christine,0.9403337836265564,2026-05-25 19:34:41.738456
W2_XL_input_noisy_2974.pdf,EmployeeName_LastName,Holland,0.9772821664810181,2026-05-25 19:34:41.738474
W2_XL_input_noisy_2974.pdf,EmployerAddress_StreetAddressOrPostalBox,43429 Gonzales Fords,0.6287955045700073,2026-05-25 19:34:41.738488
W2_XL_input_noisy_2974.pdf,EmployerName,Milking LLC LLC,0.9304973483085632,2026-05-25 19:34:41.738502
W2_XL_input_noisy_2974.pdf,FormYear,2010,0.5757465958595276,2026-05-25 19:34:41.738517
W2_XL_input_clean_1013.pdf,AllocatedTips,200054.81,0.9019407033920288,2026-05-25 19:35:02.766546
W2_XL_input_clean_1013.pdf,ControlNumber,3827600,0.910589873790741,2026-05-25 19:35:02.766603
W2_XL_input_clean_1013.pdf,DependentCareBenefits,214,0.8381889462471008,2026-05-25 19:35:02.766629
W2_XL_input_clean_1013.pdf,EIN,75-1618704,0.986447274684906,2026-05-25 19:35:02.766649
W2_XL_input_clean_1013.pdf,EmployeeAddress_City,Lake James,0.8619033694267273,2026-05-25 19:35:02.766672
W2_XL_input_clean_1013.pdf,EmployeeAddress_State,NJ,0.0783456563949585,2026-05-25 19:35:02.766693
W2_XL_input_clean_1013.pdf,EmployeeAddress_StreetAddressOrPostalBox,27374 Henderson Oval,0.6082648038864136,2026-05-25 19:35:02.766714
W2_XL_input_clean_1013.pdf,EmployeeAddress_Zip,32949,0.7961208820343018,2026-05-25 19:35:02.766736
W2_XL_input_clean_1013.pdf,EmployeeName_FirstName,Jose,0.9755960702896118,2026-05-25 19:35:02.766758
W2_XL_input_clean_1013.pdf,EmployeeName_LastName,Booker,0.9755566120147705,2026-05-25 19:35:02.766776
W2_XL_input_clean_1013.pdf,EmployerAddress_State,MD,0.07293868809938431,2026-05-25 19:35:02.766796
W2_XL_input_clean_1013.pdf,EmployerAddress_StreetAddressOrPostalBox,712 Haley Meadow,0.9251136183738708,2026-05-25 19:35:02.766815
W2_XL_input_clean_1013.pdf,EmployerName,Mendoza-Matthews Group,0.9750913977622986,2026-05-25 19:35:02.766833
W2_XL_input_clean_1013.pdf,EmployerStateIdNumber_Line1,023-25-032,0.30263417959213257,2026-05-25 19:35:02.766871
W2_XL_input_clean_1013.pdf,FederalIncomeTaxWithheld,66000.12,0.9080279469490051,2026-05-25 19:35:02.766892
W2_XL_input_clean_1013.pdf,FormYear,2010,0.8072221875190735,2026-05-25 19:35:02.766910
W2_XL_input_clean_1013.pdf,LocalIncomeTax_Line1,31225.01,0.7165414094924927,2026-05-25 19:35:02.766931
W2_XL_input_clean_1013.pdf,LocalWagesTipsEtc_Line1,172528.54,0.5216866731643677,2026-05-25 19:35:02.766950
W2_XL_input_clean_1013.pdf,LocalityName_Line1,Kayla Gardens,0.7744923830032349,2026-05-25 19:35:02.766963
W2_XL_input_clean_1013.pdf,MedicareTaxWithheld,5801.59,0.9640312194824219,2026-05-25 19:35:02.766976
W2_XL_input_clean_1013.pdf,MedicareWagesAndTips,200054.81,0.9579533338546753,2026-05-25 19:35:02.766995
W2_XL_input_clean_1013.pdf,NonqualifiedPlans,216,0.04087315499782562,2026-05-25 19:35:02.767017
W2_XL_input_clean_1013.pdf,SSN,725-40-6045,0.9857980608940125,2026-05-25 19:35:02.767034
W2_XL_input_clean_1013.pdf,SocialSecurityTaxWithheld,14623.34,0.8974884748458862,2026-05-25 19:35:02.767046
W2_XL_input_clean_1013.pdf,SocialSecurityTips,191154.72,0.99076247215271,2026-05-25 19:35:02.767058
W2_XL_input_clean_1013.pdf,SocialSecurityWages,191154.72,0.9623015522956848,2026-05-25 19:35:02.767071
W2_XL_input_clean_1013.pdf,StateIncomeTax_Line1,8241.63,0.2906734049320221,2026-05-25 19:35:02.767083
W2_XL_input_clean_1013.pdf,StateWagesTipsEtc_Line1,119129.57,0.299013614654541,2026-05-25 19:35:02.767095
W2_XL_input_clean_1013.pdf,State_Line1,MS,0.5970532298088074,2026-05-25 19:35:02.767183
W2_XL_input_clean_1013.pdf,WagesTipsOtherCompensation,242353.95,0.9671244621276855,2026-05-25 19:35:02.767212
W2_XL_input_clean_1013.pdf,a_Value,5522,0.7160199880599976,2026-05-25 19:35:02.767226
W2_XL_input_clean_1013.pdf,b_Code,G,0.4731503129005432,2026-05-25 19:35:02.767239
W2_XL_input_clean_1013.pdf,b_Value,908,0.05881102383136749,2026-05-25 19:35:02.767252
W2_XL_input_clean_1013.pdf,c_Code,P,0.041270140558481216,2026-05-25 19:35:02.767264
W2_XL_input_clean_1308.pdf,AllocatedTips,144033.29,0.8930995464324951,2026-05-25 19:35:20.018295
W2_XL_input_clean_1308.pdf,ControlNumber,9741781,0.5038447380065918,2026-05-25 19:35:20.018349
W2_XL_input_clean_1308.pdf,DependentCareBenefits,280,0.28930822014808655,2026-05-25 19:35:20.018373
W2_XL_input_clean_1308.pdf,EIN,54-0451594,0.989712655544281,2026-05-25 19:35:20.018393
W2_XL_input_clean_1308.pdf,EmployeeAddress_City,Torreschester,0.73996901512146,2026-05-25 19:35:20.018412
W2_XL_input_clean_1308.pdf,EmployeeAddress_State,RI,0.03658994659781456,2026-05-25 19:35:20.018430
W2_XL_input_clean_1308.pdf,EmployeeName_FirstName,Danielle,0.713810920715332,2026-05-25 19:35:20.018449
W2_XL_input_clean_1308.pdf,EmployeeName_LastName,Gonzalez,0.7844206094741821,2026-05-25 19:35:20.018467
W2_XL_input_clean_1308.pdf,EmployerAddress_City,New Annaberg,0.807910144329071,2026-05-25 19:35:20.018489
W2_XL_input_clean_1308.pdf,EmployerAddress_State,NE,0.07293868809938431,2026-05-25 19:35:20.018506
W2_XL_input_clean_1308.pdf,EmployerAddress_StreetAddressOrPostalBox,24358 Tamara Shore Suite 896,0.116700679063797,2026-05-25 19:35:20.018524
W2_XL_input_clean_1308.pdf,EmployerName,Peters-Grant PLC,0.9766183495521545,2026-05-25 19:35:20.018544
W2_XL_input_clean_1308.pdf,EmployerStateIdNumber_Line1,687-82-419,0.5325180292129517,2026-05-25 19:35:20.018566
W2_XL_input_clean_1308.pdf,FederalIncomeTaxWithheld,41376.11,0.596047580242157,2026-05-25 19:35:20.018586
W2_XL_input_clean_1308.pdf,FormYear,2010,0.8161373734474182,2026-05-25 19:35:20.018608
W2_XL_input_clean_1308.pdf,LocalIncomeTax_Line1,20584.79,0.7799720764160156,2026-05-25 19:35:20.018628
W2_XL_input_clean_1308.pdf,LocalWagesTipsEtc_Line1,118177.86,0.6152471899986267,2026-05-25 19:35:20.018642
W2_XL_input_clean_1308.pdf,LocalityName_Line1,Pacheco Loop,0.8195679187774658,2026-05-25 19:35:20.018654
W2_XL_input_clean_1308.pdf,MedicareTaxWithheld,4176.97,0.948133111000061,2026-05-25 19:35:20.018679
W2_XL_input_clean_1308.pdf,MedicareWagesAndTips,144033.29,0.9693771004676819,2026-05-25 19:35:20.018701
W2_XL_input_clean_1308.pdf,SSN,157-04-1198,0.9871753454208374,2026-05-25 19:35:20.018723
W2_XL_input_clean_1308.pdf,SocialSecurityTaxWithheld,11842.62,0.7032532691955566,2026-05-25 19:35:20.018738
W2_XL_input_clean_1308.pdf,SocialSecurityTips,154805.49,0.9779292345046997,2026-05-25 19:35:20.018751
W2_XL_input_clean_1308.pdf,SocialSecurityWages,154805.49,0.9777894616127014,2026-05-25 19:35:20.018763
W2_XL_input_clean_1308.pdf,StateIncomeTax_Line1,8283.88,0.5491409301757812,2026-05-25 19:35:20.018776
W2_XL_input_clean_1308.pdf,StateWagesTipsEtc_Line1,65852.59,0.37836238741874695,2026-05-25 19:35:20.018895
W2_XL_input_clean_1308.pdf,State_Line1,SC,0.8901535272598267,2026-05-25 19:35:20.018932
W2_XL_input_clean_1308.pdf,WagesTipsOtherCompensation,142769.33,0.9747645854949951,2026-05-25 19:35:20.018949
W2_XL_input_clean_1308.pdf,a_Code,G,0.44686606526374817,2026-05-25 19:35:20.018963
W2_XL_input_clean_1308.pdf,b_Code,E,0.483715683221817,2026-05-25 19:35:20.018977
W2_XL_input_clean_1308.pdf,c_Value,806,0.4859166145324707,2026-05-25 19:35:20.018990
W2_XL_input_clean_1390.pdf,AllocatedTips,220956.7,0.9398939609527588,2026-05-25 19:35:30.963409
W2_XL_input_clean_1390.pdf,ControlNumber,3119568,0.9333986639976501,2026-05-25 19:35:30.963464
W2_XL_input_clean_1390.pdf,DependentCareBenefits,157,0.6326131820678711,2026-05-25 19:35:30.963489
W2_XL_input_clean_1390.pdf,EIN,98-0626245,0.9916600584983826,2026-05-25 19:35:30.963514
W2_XL_input_clean_1390.pdf,EmployeeAddress_StreetAddressOrPostalBox,66579 Hannah Cliff,0.820928692817688,2026-05-25 19:35:30.963538
W2_XL_input_clean_1390.pdf,EmployeeName_FirstName,Eric,0.9671159386634827,2026-05-25 19:35:30.963557
W2_XL_input_clean_1390.pdf,EmployeeName_LastName,Benson,0.96516352891922,2026-05-25 19:35:30.963570
W2_XL_input_clean_1390.pdf,EmployerAddress_City,New Jameshaven,0.7264208793640137,2026-05-25 19:35:30.963583
W2_XL_input_clean_1390.pdf,EmployerAddress_State,IN,0.07293868809938431,2026-05-25 19:35:30.963595
W2_XL_input_clean_1390.pdf,EmployerAddress_StreetAddressOrPostalBox,6424 Stephens Roads,0.8766993284225464,2026-05-25 19:35:30.963608
W2_XL_input_clean_1390.pdf,EmployerName,"Burgess, Hall and Fowler LLC",0.9638025164604187,2026-05-25 19:35:30.963620
W2_XL_input_clean_1390.pdf,EmployerStateIdNumber_Line1,697-35-994,0.13939742743968964,2026-05-25 19:35:30.963633
W2_XL_input_clean_1390.pdf,FederalIncomeTaxWithheld,34289.18,0.871198296546936,2026-05-25 19:35:30.963645
W2_XL_input_clean_1390.pdf,FormYear,2010,0.7550569772720337,2026-05-25 19:35:30.963665
W2_XL_input_clean_1390.pdf,LocalIncomeTax_Line1,30524.53,0.7231824994087219,2026-05-25 19:35:30.963678
W2_XL_input_clean_1390.pdf,LocalWagesTipsEtc_Line1,254694.1,0.2528139650821686,2026-05-25 19:35:30.963690
W2_XL_input_clean_1390.pdf,LocalityName_Line1,Chen Wall,0.8395596146583557,2026-05-25 19:35:30.963704
W2_XL_input_clean_1390.pdf,MedicareTaxWithheld,6407.74,0.9569583535194397,2026-05-25 19:35:30.963716
W2_XL_input_clean_1390.pdf,MedicareWagesAndTips,220956.7,0.96555095911026,2026-05-25 19:35:30.963728
W2_XL_input_clean_1390.pdf,NonqualifiedPlans,114,0.0403701551258564,2026-05-25 19:35:30.963740
W2_XL_input_clean_1390.pdf,SSN,486-83-8339,0.9835846424102783,2026-05-25 19:35:30.963753
W2_XL_input_clean_1390.pdf,SocialSecurityTaxWithheld,11097.16,0.913681149482727,2026-05-25 19:35:30.963765
W2_XL_input_clean_1390.pdf,SocialSecurityTips,145060.91,0.990874707698822,2026-05-25 19:35:30.963777
W2_XL_input_clean_1390.pdf,SocialSecurityWages,145060.91,0.9626272916793823,2026-05-25 19:35:30.963789
W2_XL_input_clean_1390.pdf,StateWagesTipsEtc_Line1,89396.31,0.15302246809005737,2026-05-25 19:35:30.963801
W2_XL_input_clean_1390.pdf,State_Line1,IA,0.3398621082305908,2026-05-25 19:35:30.963813
W2_XL_input_clean_1390.pdf,WagesTipsOtherCompensation,198068.26,0.9537897109985352,2026-05-25 19:35:30.963825
W2_XL_input_clean_1390.pdf,a_Code,G,0.7002313137054443,2026-05-25 19:35:30.963838
W2_XL_input_clean_1390.pdf,a_Value,8556,0.14650779962539673,2026-05-25 19:35:30.963868
W2_XL_input_clean_1390.pdf,b_Code,G,0.5342742204666138,2026-05-25 19:35:30.963883
W2_XL_input_clean_1390.pdf,c_Code,E,0.04199068993330002,2026-05-25 19:35:30.963895
W2_XL_input_clean_1357.pdf,AllocatedTips,125407.89,0.9567046761512756,2026-05-25 19:35:45.979977
W2_XL_input_clean_1357.pdf,ControlNumber,2942765,0.8272494077682495,2026-05-25 19:35:45.980029
W2_XL_input_clean_1357.pdf,DependentCareBenefits,268,0.8149920105934143,2026-05-25 19:35:45.980053
W2_XL_input_clean_1357.pdf,EIN,23-5239986,0.9900367856025696,2026-05-25 19:35:45.980075
W2_XL_input_clean_1357.pdf,EmployeeAddress_City,West Julie,0.6847652196884155,2026-05-25 19:35:45.980096
W2_XL_input_clean_1357.pdf,EmployeeAddress_State,MS,0.072923444211483,2026-05-25 19:35:45.980117
W2_XL_input_clean_1357.pdf,EmployeeAddress_StreetAddressOrPostalBox,0743 Allen Way,0.7451951503753662,2026-05-25 19:35:45.980139
W2_XL_input_clean_1357.pdf,EmployeeName_FirstName,Angela,0.8837257027626038,2026-05-25 19:35:45.980163
W2_XL_input_clean_1357.pdf,EmployeeName_LastName,Hudson,0.9292694926261902,2026-05-25 19:35:45.980192
W2_XL_input_clean_1357.pdf,EmployerAddress_City,North Georgeburgh,0.7132120728492737,2026-05-25 19:35:45.980213
W2_XL_input_clean_1357.pdf,EmployerAddress_State,CA,0.07293868809938431,2026-05-25 19:35:45.980233
W2_XL_input_clean_1357.pdf,EmployerAddress_StreetAddressOrPostalBox,82399 Jennings Key Suite 065,0.37936118245124817,2026-05-25 19:35:45.980254
W2_XL_input_clean_1357.pdf,EmployerName,Davis-Smith Inc,0.9640854001045227,2026-05-25 19:35:45.980275
W2_XL_input_clean_1357.pdf,EmployerStateIdNumber_Line1,810-83-505,0.6388001441955566,2026-05-25 19:35:45.980297
W2_XL_input_clean_1357.pdf,FederalIncomeTaxWithheld,25722.34,0.933992326259613,2026-05-25 19:35:45.980319
W2_XL_input_clean_1357.pdf,FormYear,2010,0.8780617713928223,2026-05-25 19:35:45.980342
W2_XL_input_clean_1357.pdf,LocalIncomeTax_Line1,19599.11,0.8183144927024841,2026-05-25 19:35:45.980361
W2_XL_input_clean_1357.pdf,LocalWagesTipsEtc_Line1,136557.6,0.37687960267066956,2026-05-25 19:35:45.980376
W2_XL_input_clean_1357.pdf,LocalityName_Line1,Monique Greens,0.8263929486274719,2026-05-25 19:35:45.980390
W2_XL_input_clean_1357.pdf,MedicareTaxWithheld,3636.83,0.9580426216125488,2026-05-25 19:35:45.980403
W2_XL_input_clean_1357.pdf,MedicareWagesAndTips,125407.89,0.9515564441680908,2026-05-25 19:35:45.980417
W2_XL_input_clean_1357.pdf,SSN,056-81-9051,0.9804791808128357,2026-05-25 19:35:45.980431
W2_XL_input_clean_1357.pdf,SocialSecurityTaxWithheld,9827.83,0.880469799041748,2026-05-25 19:35:45.980445
W2_XL_input_clean_1357.pdf,SocialSecurityTips,128468.35,0.9841587543487549,2026-05-25 19:35:45.980459
W2_XL_input_clean_1357.pdf,SocialSecurityWages,128468.35,0.9657333493232727,2026-05-25 19:35:45.980472
W2_XL_input_clean_1357.pdf,StateIncomeTax_Line1,2712.25,0.67452073097229,2026-05-25 19:35:45.980486
W2_XL_input_clean_1357.pdf,StateWagesTipsEtc_Line1,48460.8,0.6215630173683167,2026-05-25 19:35:45.980500
W2_XL_input_clean_1357.pdf,State_Line1,AR,0.7442950010299683,2026-05-25 19:35:45.980513
W2_XL_input_clean_1357.pdf,WagesTipsOtherCompensation,105723.96,0.9706296920776367,2026-05-25 19:35:45.980536
W2_XL_input_clean_1357.pdf,a_Code,P,0.5191054940223694,2026-05-25 19:35:45.980551
W2_XL_input_clean_1357.pdf,b_Code,D,0.22222335636615753,2026-05-25 19:35:45.980565
W2_XL_input_clean_1357.pdf,c_Value,887,0.5396296381950378,2026-05-25 19:35:45.980580
W2_XL_input_clean_1357.pdf,d_Code,P,0.0,2026-05-25 19:35:45.980594
W2_XL_input_clean_1142.pdf,AllocatedTips,194148.09,0.9371814131736755,2026-05-25 19:36:26.806359
W2_XL_input_clean_1142.pdf,ControlNumber,3378417,0.915569007396698,2026-05-25 19:36:26.806401
W2_XL_input_clean_1142.pdf,DependentCareBenefits,164,0.6841992139816284,2026-05-25 19:36:26.806421
W2_XL_input_clean_1142.pdf,EIN,75-7760572,0.9862082004547119,2026-05-25 19:36:26.806451
W2_XL_input_clean_1142.pdf,EmployeeAddress_City,New Elizabethport,0.890679121017456,2026-05-25 19:36:26.806472
W2_XL_input_clean_1142.pdf,EmployeeAddress_State,PA,0.08287167549133301,2026-05-25 19:36:26.806494
W2_XL_input_clean_1142.pdf,EmployeeAddress_StreetAddressOrPostalBox,35861 Dennis Tunnel Apt.,0.7751414775848389,2026-05-25 19:36:26.806513
W2_XL_input_clean_1142.pdf,EmployeeName_FirstName,Donna,0.9674575924873352,2026-05-25 19:36:26.806536
W2_XL_input_clean_1142.pdf,EmployeeName_LastName,Patel,0.9736407995223999,2026-05-25 19:36:26.806557
W2_XL_input_clean_1142.pdf,EmployerAddress_City,West Yolanda,0.7449344396591187,2026-05-25 19:36:26.806578
W2_XL_input_clean_1142.pdf,EmployerAddress_State,IN,0.07293868809938431,2026-05-25 19:36:26.806600
W2_XL_input_clean_1142.pdf,EmployerAddress_StreetAddressOrPostalBox,113 Hays Port,0.888929009437561,2026-05-25 19:36:26.806622
W2_XL_input_clean_1142.pdf,EmployerName,"Bryan, Nelson and Young Ltd",0.9534896612167358,2026-05-25 19:36:26.806639
W2_XL_input_clean_1142.pdf,EmployerStateIdNumber_Line1,468-04-560,0.5636059045791626,2026-05-25 19:36:26.806658
W2_XL_input_clean_1142.pdf,FederalIncomeTaxWithheld,23299.16,0.5860670804977417,2026-05-25 19:36:26.806678
W2_XL_input_clean_1142.pdf,FormYear,2010,0.807842493057251,2026-05-25 19:36:26.806698
W2_XL_input_clean_1142.pdf,LocalIncomeTax_Line1,25195.73,0.7918721437454224,2026-05-25 19:36:26.806718
W2_XL_input_clean_1142.pdf,LocalWagesTipsEtc_Line1,209811.98,0.38467395305633545,2026-05-25 19:36:26.806740
W2_XL_input_clean_1142.pdf,LocalityName_Line1,Sanchez Turnpike,0.7537698149681091,2026-05-25 19:36:26.806759
W2_XL_input_clean_1142.pdf,MedicareTaxWithheld,5630.29,0.9421402812004089,2026-05-25 19:36:26.806771
W2_XL_input_clean_1142.pdf,MedicareWagesAndTips,194148.09,0.9549477696418762,2026-05-25 19:36:26.806783
W2_XL_input_clean_1142.pdf,SSN,389-55-8712,0.9805240035057068,2026-05-25 19:36:26.806795
W2_XL_input_clean_1142.pdf,SocialSecurityTaxWithheld,17161.59,0.9255232214927673,2026-05-25 19:36:26.806816
W2_XL_input_clean_1142.pdf,SocialSecurityTips,224334.47,0.9620344638824463,2026-05-25 19:36:26.806828
W2_XL_input_clean_1142.pdf,SocialSecurityWages,224334.47,0.9603367447853088,2026-05-25 19:36:26.806859
W2_XL_input_clean_1142.pdf,StateIncomeTax_Line1,8456.11,0.7100353240966797,2026-05-25 19:36:26.806883
W2_XL_input_clean_1142.pdf,StateWagesTipsEtc_Line1,106604.97,0.6719489693641663,2026-05-25 19:36:26.806905
W2_XL_input_clean_1142.pdf,State_Line1,MO,0.8106467127799988,2026-05-25 19:36:26.806919
W2_XL_input_clean_1142.pdf,WagesTipsOtherCompensation,229536.41,0.9648084044456482,2026-05-25 19:36:26.806931
W2_XL_input_clean_1142.pdf,a_Code,H,0.7547086477279663,2026-05-25 19:36:26.806944
W2_XL_input_clean_1142.pdf,a_Value,5474,0.23862384259700775,2026-05-25 19:36:26.806957
W2_XL_input_clean_1142.pdf,b_Code,H,0.381604939699173,2026-05-25 19:36:26.806969
W2_XL_input_clean_1142.pdf,c_Value,551,0.6715348362922668,2026-05-25 19:36:26.806981
W2_XL_input_clean_1142.pdf,d_Code,D,0.0,2026-05-25 19:36:26.806993
W2_XL_input_clean_1258.pdf,AllocatedTips,155007.15,0.9519100785255432,2026-05-25 19:36:39.021868
W2_XL_input_clean_1258.pdf,ControlNumber,9686199,0.8572704792022705,2026-05-25 19:36:39.021926
W2_XL_input_clean_1258.pdf,DependentCareBenefits,269,0.7783107757568359,2026-05-25 19:36:39.021953
W2_XL_input_clean_1258.pdf,EIN,65-1444227,0.9810603260993958,2026-05-25 19:36:39.021977
W2_XL_input_clean_1258.pdf,EmployeeAddress_City,Samuelshire,0.8808559775352478,2026-05-25 19:36:39.022009
W2_XL_input_clean_1258.pdf,EmployeeAddress_State,NM,0.07837580144405365,2026-05-25 19:36:39.022031
W2_XL_input_clean_1258.pdf,EmployeeAddress_StreetAddressOrPostalBox,539 Katherine Shoal Apt. 267,0.6746018528938293,2026-05-25 19:36:39.022052
W2_XL_input_clean_1258.pdf,EmployeeName_FirstName,Derek,0.9608632326126099,2026-05-25 19:36:39.022074
W2_XL_input_clean_1258.pdf,EmployeeName_LastName,Li,0.8348034024238586,2026-05-25 19:36:39.022097
W2_XL_input_clean_1258.pdf,EmployerAddress_City,Clarkebury,0.9394301176071167,2026-05-25 19:36:39.022117
W2_XL_input_clean_1258.pdf,EmployerAddress_State,NY,0.07293868809938431,2026-05-25 19:36:39.022135
W2_XL_input_clean_1258.pdf,EmployerAddress_StreetAddressOrPostalBox,99921 Ashley Road,0.38805705308914185,2026-05-25 19:36:39.022154
W2_XL_input_clean_1258.pdf,EmployerName,Walters-Gill and Sons,0.9659984707832336,2026-05-25 19:36:39.022172
W2_XL_input_clean_1258.pdf,EmployerStateIdNumber_Line1,864-27-795,0.5215928554534912,2026-05-25 19:36:39.022191
W2_XL_input_clean_1258.pdf,FederalIncomeTaxWithheld,42451.64,0.8837193846702576,2026-05-25 19:36:39.022210
W2_XL_input_clean_1258.pdf,FormYear,2010,0.902963399887085,2026-05-25 19:36:39.022231
W2_XL_input_clean_1258.pdf,LocalIncomeTax_Line1,22373.31,0.7959437966346741,2026-05-25 19:36:39.022251
W2_XL_input_clean_1258.pdf,LocalWagesTipsEtc_Line1,134531.36,0.5423216819763184,2026-05-25 19:36:39.022271
W2_XL_input_clean_1258.pdf,LocalityName_Line1,Smith Green,0.6835637092590332,2026-05-25 19:36:39.022295
W2_XL_input_clean_1258.pdf,MedicareTaxWithheld,4495.21,0.9640692472457886,2026-05-25 19:36:39.022316
W2_XL_input_clean_1258.pdf,MedicareWagesAndTips,155007.15,0.9473100304603577,2026-05-25 19:36:39.022339
W2_XL_input_clean_1258.pdf,SSN,467-17-0909,0.9738118052482605,2026-05-25 19:36:39.022362
W2_XL_input_clean_1258.pdf,SocialSecurityTaxWithheld,15419.45,0.8577062487602234,2026-05-25 19:36:39.022383
W2_XL_input_clean_1258.pdf,SocialSecurityTips,201561.45,0.9887079000473022,2026-05-25 19:36:39.022408
W2_XL_input_clean_1258.pdf,SocialSecurityWages,201561.45,0.9651390314102173,2026-05-25 19:36:39.022428
W2_XL_input_clean_1258.pdf,StateIncomeTax_Line1,3423.34,0.5668039321899414,2026-05-25 19:36:39.022443
W2_XL_input_clean_1258.pdf,StateWagesTipsEtc_Line1,76339.93,0.3536455035209656,2026-05-25 19:36:39.022456
W2_XL_input_clean_1258.pdf,State_Line1,CO,0.7697288393974304,2026-05-25 19:36:39.022470
W2_XL_input_clean_1258.pdf,WagesTipsOtherCompensation,158613.93,0.967509388923645,2026-05-25 19:36:39.022484
W2_XL_input_clean_1258.pdf,a_Code,G,0.7438205480575562,2026-05-25 19:36:39.022498
W2_XL_input_clean_1258.pdf,b_Code,H,0.22768627107143402,2026-05-25 19:36:39.022512
W2_XL_input_clean_1258.pdf,c_Value,724,0.6370145082473755,2026-05-25 19:36:39.022526
W2_XL_input_clean_1214.pdf,AllocatedTips,168649.94,0.8811405897140503,2026-05-25 19:37:34.072428
W2_XL_input_clean_1214.pdf,ControlNumber,4326015,0.9144098162651062,2026-05-25 19:37:34.072475
W2_XL_input_clean_1214.pdf,DependentCareBenefits,100,0.5881658792495728,2026-05-25 19:37:34.072497
W2_XL_input_clean_1214.pdf,EIN,03-7979627,0.9876307845115662,2026-05-25 19:37:34.072519
W2_XL_input_clean_1214.pdf,EmployeeAddress_City,New Terriview,0.8747332096099854,2026-05-25 19:37:34.072534
W2_XL_input_clean_1214.pdf,EmployeeAddress_State,KY,0.06821643561124802,2026-05-25 19:37:34.072547
W2_XL_input_clean_1214.pdf,EmployeeAddress_StreetAddressOrPostalBox,86435 Abbott Garden,0.6748030781745911,2026-05-25 19:37:34.072563
W2_XL_input_clean_1214.pdf,EmployeeName_FirstName,Diana,0.9778896570205688,2026-05-25 19:37:34.072578
W2_XL_input_clean_1214.pdf,EmployeeName_LastName,Meza,0.9655702710151672,2026-05-25 19:37:34.072591
W2_XL_input_clean_1214.pdf,EmployerAddress_City,Lisafurt,0.9187193512916565,2026-05-25 19:37:34.072604
W2_XL_input_clean_1214.pdf,EmployerAddress_State,DC,0.07293868809938431,2026-05-25 19:37:34.072617
W2_XL_input_clean_1214.pdf,EmployerAddress_StreetAddressOrPostalBox,2097 Swanson Run,0.6222735047340393,2026-05-25 19:37:34.072629
W2_XL_input_clean_1214.pdf,EmployerName,Flores-Mclean PLC,0.9734084606170654,2026-05-25 19:37:34.072644
W2_XL_input_clean_1214.pdf,EmployerStateIdNumber_Line1,263-98-824,0.4286790192127228,2026-05-25 19:37:34.072667
W2_XL_input_clean_1214.pdf,FederalIncomeTaxWithheld,28538.94,0.8732284307479858,2026-05-25 19:37:34.072688
W2_XL_input_clean_1214.pdf,FormYear,2010,0.8568891286849976,2026-05-25 19:37:34.072707
W2_XL_input_clean_1214.pdf,LocalIncomeTax_Line1,34457.48,0.7501243352890015,2026-05-25 19:37:34.072724
W2_XL_input_clean_1214.pdf,LocalWagesTipsEtc_Line1,143425.44,0.5587976574897766,2026-05-25 19:37:34.072742
W2_XL_input_clean_1214.pdf,LocalityName_Line1,Jorge Junctions,0.748490571975708,2026-05-25 19:37:34.072760
W2_XL_input_clean_1214.pdf,MedicareTaxWithheld,4890.85,0.9756829738616943,2026-05-25 19:37:34.072779
W2_XL_input_clean_1214.pdf,MedicareWagesAndTips,168649.94,0.9715730547904968,2026-05-25 19:37:34.072798
W2_XL_input_clean_1214.pdf,NonqualifiedPlans,230,0.024738015606999397,2026-05-25 19:37:34.072817
W2_XL_input_clean_1214.pdf,SSN,148-27-5028,0.9896771311759949,2026-05-25 19:37:34.072835
W2_XL_input_clean_1214.pdf,SocialSecurityTaxWithheld,15777.28,0.9188879728317261,2026-05-25 19:37:34.072883
W2_XL_input_clean_1214.pdf,SocialSecurityTips,206238.91,0.9862293004989624,2026-05-25 19:37:34.072905
W2_XL_input_clean_1214.pdf,SocialSecurityWages,206238.91,0.9770036935806274,2026-05-25 19:37:34.072928
W2_XL_input_clean_1214.pdf,StateIncomeTax_Line1,7342.31,0.5268731713294983,2026-05-25 19:37:34.072952
W2_XL_input_clean_1214.pdf,StateWagesTipsEtc_Line1,94630.26,0.40273964405059814,2026-05-25 19:37:34.072974
W2_XL_input_clean_1214.pdf,State_Line1,KY,0.7175742387771606,2026-05-25 19:37:34.072995
W2_XL_input_clean_1214.pdf,WagesTipsOtherCompensation,189547.9,0.9588778614997864,2026-05-25 19:37:34.073015
W2_XL_input_clean_1214.pdf,a_Code,D,0.7367505431175232,2026-05-25 19:37:34.073038
W2_XL_input_clean_1214.pdf,a_Value,2651,0.08705794811248779,2026-05-25 19:37:34.073060
W2_XL_input_clean_1214.pdf,b_Code,G,0.40174761414527893,2026-05-25 19:37:34.073081
W2_XL_input_clean_1214.pdf,c_Code,P,0.1332969218492508,2026-05-25 19:37:34.073104
W2_XL_input_clean_1214.pdf,c_Value,418,0.28260836005210876,2026-05-25 19:37:34.073127
W2_XL_input_clean_1214.pdf,d_Code,G,0.0,2026-05-25 19:37:34.073146
W2_XL_input_clean_1302.pdf,AllocatedTips,185025.98,0.9199082255363464,2026-05-25 19:37:47.801518
W2_XL_input_clean_1302.pdf,ControlNumber,4300122,0.9519374966621399,2026-05-25 19:37:47.801580
W2_XL_input_clean_1302.pdf,DependentCareBenefits,290,0.6030542850494385,2026-05-25 19:37:47.801736
W2_XL_input_clean_1302.pdf,EIN,65-0792343,0.9897564053535461,2026-05-25 19:37:47.801902
W2_XL_input_clean_1302.pdf,EmployeeAddress_City,Port Richardview,0.7454779148101807,2026-05-25 19:37:47.801941
W2_XL_input_clean_1302.pdf,EmployeeAddress_State,TX,0.050711240619421005,2026-05-25 19:37:47.801963
W2_XL_input_clean_1302.pdf,EmployeeAddress_StreetAddressOrPostalBox,48170 Hoover Path Suite 886,0.7677797079086304,2026-05-25 19:37:47.801981
W2_XL_input_clean_1302.pdf,EmployeeName_FirstName,Tiffany,0.9645136594772339,2026-05-25 19:37:47.801996
W2_XL_input_clean_1302.pdf,EmployeeName_LastName,Black,0.9323579668998718,2026-05-25 19:37:47.802010
W2_XL_input_clean_1302.pdf,EmployerAddress_City,Lake Jeff,0.91108238697052,2026-05-25 19:37:47.802023
W2_XL_input_clean_1302.pdf,EmployerAddress_State,HI,0.07293868809938431,2026-05-25 19:37:47.802037
W2_XL_input_clean_1302.pdf,EmployerAddress_StreetAddressOrPostalBox,8015 Timothy Meadows Apt. 026,0.9094495177268982,2026-05-25 19:37:47.802051
W2_XL_input_clean_1302.pdf,EmployerAddress_Zip,43063,0.8416184782981873,2026-05-25 19:37:47.802064
W2_XL_input_clean_1302.pdf,EmployerName,Fox Group Ltd,0.9777073860168457,2026-05-25 19:37:47.802078
W2_XL_input_clean_1302.pdf,FederalIncomeTaxWithheld,50901.02,0.9407825469970703,2026-05-25 19:37:47.802091
W2_XL_input_clean_1302.pdf,FormYear,2010,0.8295778632164001,2026-05-25 19:37:47.802104
W2_XL_input_clean_1302.pdf,LocalIncomeTax_Line1,37516.74,0.6947523951530457,2026-05-25 19:37:47.802118
W2_XL_input_clean_1302.pdf,LocalWagesTipsEtc_Line1,246995.91,0.5195533037185669,2026-05-25 19:37:47.802131
W2_XL_input_clean_1302.pdf,LocalityName_Line1,Anderson Wells,0.5862448215484619,2026-05-25 19:37:47.802145
W2_XL_input_clean_1302.pdf,MedicareTaxWithheld,5365.75,0.9669035077095032,2026-05-25 19:37:47.802159
W2_XL_input_clean_1302.pdf,MedicareWagesAndTips,185025.98,0.977767825126648,2026-05-25 19:37:47.802173
W2_XL_input_clean_1302.pdf,SSN,122-92-8620,0.9871421456336975,2026-05-25 19:37:47.802186
W2_XL_input_clean_1302.pdf,SocialSecurityTaxWithheld,17528.25,0.904211163520813,2026-05-25 19:37:47.802200
W2_XL_input_clean_1302.pdf,SocialSecurityTips,229127.4,0.991442084312439,2026-05-25 19:37:47.802214
W2_XL_input_clean_1302.pdf,SocialSecurityWages,229127.4,0.9609930515289307,2026-05-25 19:37:47.802227
W2_XL_input_clean_1302.pdf,StateIncomeTax_Line1,7826.56,0.27043524384498596,2026-05-25 19:37:47.802242
W2_XL_input_clean_1302.pdf,StateWagesTipsEtc_Line1,95868.42,0.15633559226989746,2026-05-25 19:37:47.802258
W2_XL_input_clean_1302.pdf,WagesTipsOtherCompensation,190174.06,0.9773246645927429,2026-05-25 19:37:47.802273
W2_XL_input_clean_1302.pdf,a_Code,P,0.6984933614730835,2026-05-25 19:37:47.802288
W2_XL_input_clean_1302.pdf,a_Value,9020,0.10542995482683182,2026-05-25 19:37:47.802303
W2_XL_input_clean_1301.pdf,AllocatedTips,198842.11,0.9626785516738892,2026-05-25 19:38:00.089942
W2_XL_input_clean_1301.pdf,ControlNumber,6699393,0.9063245058059692,2026-05-25 19:38:00.089996
W2_XL_input_clean_1301.pdf,DependentCareBenefits,287,0.7970189452171326,2026-05-25 19:38:00.090021
W2_XL_input_clean_1301.pdf,EIN,51-3030992,0.9780652523040771,2026-05-25 19:38:00.090045
W2_XL_input_clean_1301.pdf,EmployeeAddress_City,Lake Nicholasland,0.8675884008407593,2026-05-25 19:38:00.090063
W2_XL_input_clean_1301.pdf,EmployeeAddress_State,WV,0.08156169950962067,2026-05-25 19:38:00.090086
W2_XL_input_clean_1301.pdf,EmployeeAddress_StreetAddressOrPostalBox,3179 David Mission,0.8624664545059204,2026-05-25 19:38:00.090106
W2_XL_input_clean_1301.pdf,EmployeeAddress_Zip,99171,0.6743534803390503,2026-05-25 19:38:00.090122
W2_XL_input_clean_1301.pdf,EmployeeName_FirstName,Kathryn,0.980182409286499,2026-05-25 19:38:00.090136
W2_XL_input_clean_1301.pdf,EmployeeName_LastName,Sexton,0.9533051252365112,2026-05-25 19:38:00.090150
W2_XL_input_clean_1301.pdf,EmployerAddress_City,Bakerhaven,0.8982242345809937,2026-05-25 19:38:00.090164
W2_XL_input_clean_1301.pdf,EmployerAddress_State,CO,0.07293868809938431,2026-05-25 19:38:00.090178
W2_XL_input_clean_1301.pdf,EmployerAddress_StreetAddressOrPostalBox,1169 Ingram Road Apt. 095,0.6228539943695068,2026-05-25 19:38:00.090193
W2_XL_input_clean_1301.pdf,EmployerName,Adams-Contreras Group,0.9667203426361084,2026-05-25 19:38:00.090207
W2_XL_input_clean_1301.pdf,EmployerStateIdNumber_Line1,462-30-013,0.7984117269515991,2026-05-25 19:38:00.090223
W2_XL_input_clean_1301.pdf,FederalIncomeTaxWithheld,28583.78,0.9521843791007996,2026-05-25 19:38:00.090237
W2_XL_input_clean_1301.pdf,FormYear,2010,0.8115631341934204,2026-05-25 19:38:00.090252
W2_XL_input_clean_1301.pdf,LocalIncomeTax_Line1,38915.21,0.7703244686126709,2026-05-25 19:38:00.090269
W2_XL_input_clean_1301.pdf,LocalWagesTipsEtc_Line1,225371.5,0.37791505455970764,2026-05-25 19:38:00.090287
W2_XL_input_clean_1301.pdf,LocalityName_Line1,Walker Harbor,0.676349937915802,2026-05-25 19:38:00.090302
W2_XL_input_clean_1301.pdf,MedicareTaxWithheld,5766.42,0.9676955342292786,2026-05-25 19:38:00.090316
W2_XL_input_clean_1301.pdf,MedicareWagesAndTips,198842.11,0.9554493427276611,2026-05-25 19:38:00.090329
W2_XL_input_clean_1301.pdf,SSN,589-81-7233,0.9591471552848816,2026-05-25 19:38:00.090343
W2_XL_input_clean_1301.pdf,SocialSecurityTaxWithheld,16281.96,0.889756441116333,2026-05-25 19:38:00.090357
W2_XL_input_clean_1301.pdf,SocialSecurityTips,212836.1,0.9900500774383545,2026-05-25 19:38:00.090370
W2_XL_input_clean_1301.pdf,SocialSecurityWages,212836.1,0.9418647289276123,2026-05-25 19:38:00.090384
W2_XL_input_clean_1301.pdf,StateIncomeTax_Line1,7121.52,0.606552243232727,2026-05-25 19:38:00.090397
W2_XL_input_clean_1301.pdf,StateWagesTipsEtc_Line1,99559.39,0.6643373966217041,2026-05-25 19:38:00.090411
W2_XL_input_clean_1301.pdf,State_Line1,NY,0.8101754188537598,2026-05-25 19:38:00.090425
W2_XL_input_clean_1301.pdf,WagesTipsOtherCompensation,195537.08,0.9532560706138611,2026-05-25 19:38:00.090438
W2_XL_input_clean_1301.pdf,a_Value,5124,0.7305938601493835,2026-05-25 19:38:00.090453
W2_XL_input_clean_1301.pdf,b_Code,P,0.1514548808336258,2026-05-25 19:38:00.090467
W2_XL_input_clean_1301.pdf,c_Code,P,0.12542615830898285,2026-05-25 19:38:00.090481
W2_XL_input_clean_1301.pdf,c_Value,759,0.29778385162353516,2026-05-25 19:38:00.090495
W2_XL_input_clean_1301.pdf,d_Code,E,1.0371356928770792e-26,2026-05-25 19:38:00.090508
W2_XL_input_clean_1366.pdf,AllocatedTips,157208.42,0.8069453239440918,2026-05-25 19:38:16.810183
W2_XL_input_clean_1366.pdf,ControlNumber,7006112,0.9058009386062622,2026-05-25 19:38:16.810241
W2_XL_input_clean_1366.pdf,DependentCareBenefits,220,0.6747010350227356,2026-05-25 19:38:16.810270
W2_XL_input_clean_1366.pdf,EIN,31-7487391,0.9903409481048584,2026-05-25 19:38:16.810292
W2_XL_input_clean_1366.pdf,EmployeeAddress_City,South Michael,0.9015747904777527,2026-05-25 19:38:16.810318
W2_XL_input_clean_1366.pdf,EmployeeAddress_State,MI,0.07574613392353058,2026-05-25 19:38:16.810337
W2_XL_input_clean_1366.pdf,EmployeeAddress_StreetAddressOrPostalBox,8195 Catherine Villages Apt. 817,0.7912313342094421,2026-05-25 19:38:16.810357
W2_XL_input_clean_1366.pdf,EmployeeAddress_Zip,78254,0.7887808680534363,2026-05-25 19:38:16.810378
W2_XL_input_clean_1366.pdf,EmployeeName_FirstName,Rhonda,0.9778547883033752,2026-05-25 19:38:16.810398
W2_XL_input_clean_1366.pdf,EmployeeName_LastName,Gonzales,0.9656044244766235,2026-05-25 19:38:16.810422
W2_XL_input_clean_1366.pdf,EmployerAddress_City,Gravesborough,0.9144794940948486,2026-05-25 19:38:16.810440
W2_XL_input_clean_1366.pdf,EmployerAddress_State,CO,0.07293868809938431,2026-05-25 19:38:16.810458
W2_XL_input_clean_1366.pdf,EmployerAddress_StreetAddressOrPostalBox,424 Kimberly Trail Suite 876,0.9087501168251038,2026-05-25 19:38:16.810477
W2_XL_input_clean_1366.pdf,EmployerAddress_Zip,63895,0.8530510663986206,2026-05-25 19:38:16.810495
W2_XL_input_clean_1366.pdf,EmployerName,Walsh-Hamilton Inc,0.9772646427154541,2026-05-25 19:38:16.810513
W2_XL_input_clean_1366.pdf,EmployerStateIdNumber_Line1,344-39-669,0.3258112668991089,2026-05-25 19:38:16.810530
W2_XL_input_clean_1366.pdf,FederalIncomeTaxWithheld,55982.22,0.9292357563972473,2026-05-25 19:38:16.810551
W2_XL_input_clean_1366.pdf,FormYear,2010,0.8286439180374146,2026-05-25 19:38:16.810570
W2_XL_input_clean_1366.pdf,LocalIncomeTax_Line1,25283.27,0.8362805247306824,2026-05-25 19:38:16.810589
W2_XL_input_clean_1366.pdf,LocalWagesTipsEtc_Line1,113495.43,0.5177381038665771,2026-05-25 19:38:16.810612
W2_XL_input_clean_1366.pdf,LocalityName_Line1,Michael Light,0.7387743592262268,2026-05-25 19:38:16.810633
W2_XL_input_clean_1366.pdf,MedicareTaxWithheld,4559.04,0.9617316722869873,2026-05-25 19:38:16.810647
W2_XL_input_clean_1366.pdf,MedicareWagesAndTips,157208.42,0.9691675305366516,2026-05-25 19:38:16.810661
W2_XL_input_clean_1366.pdf,NonqualifiedPlans,188,0.3542688488960266,2026-05-25 19:38:16.810675
W2_XL_input_clean_1366.pdf,SSN,697-41-4925,0.9898682832717896,2026-05-25 19:38:16.810715
W2_XL_input_clean_1366.pdf,SocialSecurityTaxWithheld,13114.79,0.9505473971366882,2026-05-25 19:38:16.810730
W2_XL_input_clean_1366.pdf,SocialSecurityTips,171435.21,0.9859392642974854,2026-05-25 19:38:16.810744
W2_XL_input_clean_1366.pdf,SocialSecurityWages,171435.21,0.9761497378349304,2026-05-25 19:38:16.810757
W2_XL_input_clean_1366.pdf,StateIncomeTax_Line1,2800.88,0.35185757279396057,2026-05-25 19:38:16.810769
W2_XL_input_clean_1366.pdf,StateWagesTipsEtc_Line1,80419.45,0.4020298421382904,2026-05-25 19:38:16.810781
W2_XL_input_clean_1366.pdf,State_Line1,MN,0.8469386696815491,2026-05-25 19:38:16.810793
W2_XL_input_clean_1366.pdf,WagesTipsOtherCompensation,152555.49,0.9741822481155396,2026-05-25 19:38:16.810806
W2_XL_input_clean_1366.pdf,a_Code,D,0.6723107695579529,2026-05-25 19:38:16.810818
W2_XL_input_clean_1366.pdf,a_Value,3028,0.18780317902565002,2026-05-25 19:38:16.810831
W2_XL_input_clean_1366.pdf,b_Code,G,0.4673500061035156,2026-05-25 19:38:16.810869
W2_XL_input_clean_1366.pdf,c_Code,E,0.44176366925239563,2026-05-25 19:38:16.810893
W2_XL_input_clean_1366.pdf,c_Value,168,0.24979040026664734,2026-05-25 19:38:16.810908
W2_XL_input_clean_1057.pdf,AllocatedTips,76369.08,0.9363127946853638,2026-05-25 19:38:29.492489
W2_XL_input_clean_1057.pdf,ControlNumber,2400254,0.9248782992362976,2026-05-25 19:38:29.492542
W2_XL_input_clean_1057.pdf,DependentCareBenefits,284,0.7787401080131531,2026-05-25 19:38:29.492567
W2_XL_input_clean_1057.pdf,EIN,92-8733053,0.9897775650024414,2026-05-25 19:38:29.492588
W2_XL_input_clean_1057.pdf,EmployeeAddress_City,North Jillian,0.8807591795921326,2026-05-25 19:38:29.492609
W2_XL_input_clean_1057.pdf,EmployeeAddress_State,IL,0.07980936765670776,2026-05-25 19:38:29.492631
W2_XL_input_clean_1057.pdf,EmployeeAddress_StreetAddressOrPostalBox,3589 Mark Knolls Suite 263,0.7591989040374756,2026-05-25 19:38:29.492652
W2_XL_input_clean_1057.pdf,EmployeeAddress_Zip,07886,0.8410759568214417,2026-05-25 19:38:29.492712
W2_XL_input_clean_1057.pdf,EmployeeName_FirstName,Cassandra,0.9705590009689331,2026-05-25 19:38:29.492737
W2_XL_input_clean_1057.pdf,EmployeeName_LastName,Gonzalez,0.9615373611450195,2026-05-25 19:38:29.492760
W2_XL_input_clean_1057.pdf,EmployerAddress_City,Travisshire,0.9556729197502136,2026-05-25 19:38:29.492780
W2_XL_input_clean_1057.pdf,EmployerAddress_State,MT,0.07293868809938431,2026-05-25 19:38:29.492804
W2_XL_input_clean_1057.pdf,EmployerAddress_StreetAddressOrPostalBox,65571 Robinson Island,0.297277569770813,2026-05-25 19:38:29.492830
W2_XL_input_clean_1057.pdf,EmployerAddress_Zip,35859,0.8935316205024719,2026-05-25 19:38:29.492869
W2_XL_input_clean_1057.pdf,EmployerName,Larsen Ltd Inc,0.967858612537384,2026-05-25 19:38:29.492897
W2_XL_input_clean_1057.pdf,EmployerStateIdNumber_Line1,335-97-977,0.8750644326210022,2026-05-25 19:38:29.492915
W2_XL_input_clean_1057.pdf,FederalIncomeTaxWithheld,18544.19,0.9557772874832153,2026-05-25 19:38:29.492929
W2_XL_input_clean_1057.pdf,FormYear,2010,0.8292238116264343,2026-05-25 19:38:29.492943
W2_XL_input_clean_1057.pdf,LocalIncomeTax_Line1,13799.6,0.613398015499115,2026-05-25 19:38:29.492957
W2_XL_input_clean_1057.pdf,LocalWagesTipsEtc_Line1,93578.91,0.6429303288459778,2026-05-25 19:38:29.492973
W2_XL_input_clean_1057.pdf,LocalityName_Line1,Meza Spring,0.7223739624023438,2026-05-25 19:38:29.492987
W2_XL_input_clean_1057.pdf,MedicareTaxWithheld,2214.7,0.9751067161560059,2026-05-25 19:38:29.493001
W2_XL_input_clean_1057.pdf,MedicareWagesAndTips,76369.08,0.9619510173797607,2026-05-25 19:38:29.493014
W2_XL_input_clean_1057.pdf,SSN,550-79-0373,0.9753745794296265,2026-05-25 19:38:29.493028
W2_XL_input_clean_1057.pdf,SocialSecurityTaxWithheld,6491.41,0.9602707028388977,2026-05-25 19:38:29.493041
W2_XL_input_clean_1057.pdf,SocialSecurityTips,84855.08,0.9805350303649902,2026-05-25 19:38:29.493055
W2_XL_input_clean_1057.pdf,SocialSecurityWages,84855.08,0.9677934050559998,2026-05-25 19:38:29.493071
W2_XL_input_clean_1057.pdf,StateIncomeTax_Line1,1589.99,0.5924274325370789,2026-05-25 19:38:29.493085
W2_XL_input_clean_1057.pdf,StateWagesTipsEtc_Line1,43787.99,0.5166018605232239,2026-05-25 19:38:29.493099
W2_XL_input_clean_1057.pdf,State_Line1,WI,0.7973146438598633,2026-05-25 19:38:29.493112
W2_XL_input_clean_1057.pdf,WagesTipsOtherCompensation,79969.74,0.9684881567955017,2026-05-25 19:38:29.493126
W2_XL_input_clean_1057.pdf,a_Value,3837,0.8644413948059082,2026-05-25 19:38:29.493140
W2_XL_input_clean_1057.pdf,b_Code,G,0.6776800155639648,2026-05-25 19:38:29.493154
W2_XL_input_clean_1057.pdf,b_Value,486,0.1405930072069168,2026-05-25 19:38:29.493171
W2_XL_input_clean_1057.pdf,c_Value,675,0.7618588209152222,2026-05-25 19:38:29.493184
W2_XL_input_clean_1194.pdf,AllocatedTips,266239.84,0.9641697406768799,2026-05-25 19:38:39.800872
W2_XL_input_clean_1194.pdf,ControlNumber,5676287,0.8899343013763428,2026-05-25 19:38:39.800928
W2_XL_input_clean_1194.pdf,DependentCareBenefits,249,0.8289045095443726,2026-05-25 19:38:39.800957
W2_XL_input_clean_1194.pdf,EIN,87-8865523,0.9765310883522034,2026-05-25 19:38:39.800983
W2_XL_input_clean_1194.pdf,EmployeeAddress_City,Edwardton,0.918671727180481,2026-05-25 19:38:39.801004
W2_XL_input_clean_1194.pdf,EmployeeAddress_State,MT,0.07864812016487122,2026-05-25 19:38:39.801025
W2_XL_input_clean_1194.pdf,EmployeeAddress_StreetAddressOrPostalBox,29243 Blackwell Well Suite 860,0.7690165042877197,2026-05-25 19:38:39.801047
W2_XL_input_clean_1194.pdf,EmployeeAddress_Zip,69469,0.8819564580917358,2026-05-25 19:38:39.801069
W2_XL_input_clean_1194.pdf,EmployeeName_FirstName,Emily,0.9573647379875183,2026-05-25 19:38:39.801092
W2_XL_input_clean_1194.pdf,EmployeeName_LastName,Schwartz,0.7523951530456543,2026-05-25 19:38:39.801113
W2_XL_input_clean_1194.pdf,EmployerAddress_City,Jaclynchester,0.8522034883499146,2026-05-25 19:38:39.801133
W2_XL_input_clean_1194.pdf,EmployerAddress_State,OR,0.07293868809938431,2026-05-25 19:38:39.801153
W2_XL_input_clean_1194.pdf,EmployerAddress_StreetAddressOrPostalBox,1880 Hayes Islands Apt. 615,0.8231196403503418,2026-05-25 19:38:39.801172
W2_XL_input_clean_1194.pdf,EmployerName,Reyes-Hill LLC,0.9447408318519592,2026-05-25 19:38:39.801191
W2_XL_input_clean_1194.pdf,EmployerStateIdNumber_Line1,847-12-031,0.5832923650741577,2026-05-25 19:38:39.801223
W2_XL_input_clean_1194.pdf,FederalIncomeTaxWithheld,42494.34,0.9574859142303467,2026-05-25 19:38:39.801245
W2_XL_input_clean_1194.pdf,FormYear,2010,0.8377002477645874,2026-05-25 19:38:39.801269
W2_XL_input_clean_1194.pdf,LocalIncomeTax_Line1,27654.73,0.805404782295227,2026-05-25 19:38:39.801295
W2_XL_input_clean_1194.pdf,LocalWagesTipsEtc_Line1,245231.01,0.5827503800392151,2026-05-25 19:38:39.801316
W2_XL_input_clean_1194.pdf,LocalityName_Line1,Bautista Land,0.7523106932640076,2026-05-25 19:38:39.801331
W2_XL_input_clean_1194.pdf,MedicareTaxWithheld,7720.96,0.9660223722457886,2026-05-25 19:38:39.801345
W2_XL_input_clean_1194.pdf,MedicareWagesAndTips,266239.84,0.9549731612205505,2026-05-25 19:38:39.801359
W2_XL_input_clean_1194.pdf,NonqualifiedPlans,294,0.03871357813477516,2026-05-25 19:38:39.801372
W2_XL_input_clean_1194.pdf,SSN,334-71-1267,0.9685291051864624,2026-05-25 19:38:39.801386
W2_XL_input_clean_1194.pdf,SocialSecurityTaxWithheld,16891.38,0.9257784485816956,2026-05-25 19:38:39.801400
W2_XL_input_clean_1194.pdf,SocialSecurityTips,220802.33,0.9922682046890259,2026-05-25 19:38:39.801421
W2_XL_input_clean_1194.pdf,SocialSecurityWages,220802.33,0.9016923308372498,2026-05-25 19:38:39.801435
W2_XL_input_clean_1194.pdf,StateIncomeTax_Line1,13839.98,0.4493419826030731,2026-05-25 19:38:39.801452
W2_XL_input_clean_1194.pdf,StateWagesTipsEtc_Line1,111099.2,0.23975662887096405,2026-05-25 19:38:39.801470
W2_XL_input_clean_1194.pdf,State_Line1,CO,0.7582226991653442,2026-05-25 19:38:39.801492
W2_XL_input_clean_1194.pdf,WagesTipsOtherCompensation,235478.21,0.9681730270385742,2026-05-25 19:38:39.801515
W2_XL_input_clean_1194.pdf,a_Code,D,0.5854054093360901,2026-05-25 19:38:39.801537
W2_XL_input_clean_1194.pdf,a_Value,3378,0.21791626513004303,2026-05-25 19:38:39.801563
W2_XL_input_clean_1194.pdf,b_Code,D,0.4326170086860657,2026-05-25 19:38:39.801588
W2_XL_input_clean_1194.pdf,c_Code,E,0.6654938459396362,2026-05-25 19:38:39.801606
W2_XL_input_clean_1194.pdf,c_Value,357,0.449247807264328,2026-05-25 19:38:39.801620
W2_XL_input_clean_1194.pdf,d_Code,P,0.0,2026-05-25 19:38:39.801634
W2_XL_input_clean_1379.pdf,AllocatedTips,131703.56,0.9738351106643677,2026-05-25 19:38:50.414825
W2_XL_input_clean_1379.pdf,ControlNumber,6437091,0.8825262188911438,2026-05-25 19:38:50.414895
W2_XL_input_clean_1379.pdf,DependentCareBenefits,208,0.7302309274673462,2026-05-25 19:38:50.414918
W2_XL_input_clean_1379.pdf,EIN,59-9131589,0.9900075793266296,2026-05-25 19:38:50.414937
W2_XL_input_clean_1379.pdf,EmployeeAddress_City,Keithville,0.9141340255737305,2026-05-25 19:38:50.414956
W2_XL_input_clean_1379.pdf,EmployeeAddress_State,ND,0.07397520542144775,2026-05-25 19:38:50.414976
W2_XL_input_clean_1379.pdf,EmployeeAddress_StreetAddressOrPostalBox,1669 Burgess Groves Apt. 368,0.7367119193077087,2026-05-25 19:38:50.414992
W2_XL_input_clean_1379.pdf,EmployeeAddress_Zip,20447,0.878099262714386,2026-05-25 19:38:50.415006
W2_XL_input_clean_1379.pdf,EmployeeName_FirstName,Sarah,0.7912043333053589,2026-05-25 19:38:50.415019
W2_XL_input_clean_1379.pdf,EmployeeName_LastName,Bell,0.8550189733505249,2026-05-25 19:38:50.415032
W2_XL_input_clean_1379.pdf,EmployerAddress_City,Alexandriaborough,0.9623032212257385,2026-05-25 19:38:50.415045
W2_XL_input_clean_1379.pdf,EmployerAddress_State,HI,0.07293868809938431,2026-05-25 19:38:50.415058
W2_XL_input_clean_1379.pdf,EmployerAddress_StreetAddressOrPostalBox,27589 Zuniga Walks Suite 719,0.7204949855804443,2026-05-25 19:38:50.415070
W2_XL_input_clean_1379.pdf,EmployerAddress_Zip,56921-3716,0.9375401735305786,2026-05-25 19:38:50.415082
W2_XL_input_clean_1379.pdf,EmployerName,Anderson-Anderson Inc,0.9643720388412476,2026-05-25 19:38:50.415094
W2_XL_input_clean_1379.pdf,EmployerStateIdNumber_Line1,329-16-291,0.3735000193119049,2026-05-25 19:38:50.415107
W2_XL_input_clean_1379.pdf,FederalIncomeTaxWithheld,17264.01,0.9701786041259766,2026-05-25 19:38:50.415126
W2_XL_input_clean_1379.pdf,FormYear,2010,0.7918592691421509,2026-05-25 19:38:50.415147
W2_XL_input_clean_1379.pdf,LocalIncomeTax_Line1,23574.42,0.7902286648750305,2026-05-25 19:38:50.415168
W2_XL_input_clean_1379.pdf,LocalWagesTipsEtc_Line1,161412.88,0.7548918128013611,2026-05-25 19:38:50.415185
W2_XL_input_clean_1379.pdf,LocalityName_Line1,Rebecca Route,0.7724040150642395,2026-05-25 19:38:50.415198
W2_XL_input_clean_1379.pdf,MedicareTaxWithheld,3819.4,0.9743033051490784,2026-05-25 19:38:50.415210
W2_XL_input_clean_1379.pdf,MedicareWagesAndTips,131703.56,0.9132512807846069,2026-05-25 19:38:50.415222
W2_XL_input_clean_1379.pdf,SSN,432-64-5980,0.9858508706092834,2026-05-25 19:38:50.415234
W2_XL_input_clean_1379.pdf,SocialSecurityTaxWithheld,9193.29,0.9746869802474976,2026-05-25 19:38:50.415246
W2_XL_input_clean_1379.pdf,SocialSecurityTips,120173.72,0.9863620400428772,2026-05-25 19:38:50.415258
W2_XL_input_clean_1379.pdf,SocialSecurityWages,120173.72,0.8061735033988953,2026-05-25 19:38:50.415270
W2_XL_input_clean_1379.pdf,StateIncomeTax_Line1,4379.82,0.5514002442359924,2026-05-25 19:38:50.415288
W2_XL_input_clean_1379.pdf,StateWagesTipsEtc_Line1,62646.41,0.4345608949661255,2026-05-25 19:38:50.415300
W2_XL_input_clean_1379.pdf,State_Line1,SC,0.8424195051193237,2026-05-25 19:38:50.415314
W2_XL_input_clean_1379.pdf,WagesTipsOtherCompensation,124462.51,0.9817042946815491,2026-05-25 19:38:50.415328
W2_XL_input_clean_1379.pdf,a_Value,9250,0.361226886510849,2026-05-25 19:38:50.415340
W2_XL_input_clean_1379.pdf,b_Value,140,0.3555178940296173,2026-05-25 19:38:50.415353
W2_XL_input_clean_1379.pdf,c_Value,232,0.43039000034332275,2026-05-25 19:38:50.415365
W2_XL_input_clean_1003.pdf,AllocatedTips,299378.97,0.9749071002006531,2026-05-25 19:39:11.294914
W2_XL_input_clean_1003.pdf,ControlNumber,2008341,0.9133056402206421,2026-05-25 19:39:11.294963
W2_XL_input_clean_1003.pdf,DependentCareBenefits,260,0.5771823525428772,2026-05-25 19:39:11.294987
W2_XL_input_clean_1003.pdf,EIN,25-0924379,0.9878438711166382,2026-05-25 19:39:11.295011
W2_XL_input_clean_1003.pdf,EmployeeAddress_City,New Meredithstad,0.8426600098609924,2026-05-25 19:39:11.295025
W2_XL_input_clean_1003.pdf,EmployeeAddress_State,MI,0.08299523591995239,2026-05-25 19:39:11.295038
W2_XL_input_clean_1003.pdf,EmployeeAddress_StreetAddressOrPostalBox,6503 John Stream,0.8433511257171631,2026-05-25 19:39:11.295051
W2_XL_input_clean_1003.pdf,EmployeeAddress_Zip,19628,0.7530690431594849,2026-05-25 19:39:11.295064
W2_XL_input_clean_1003.pdf,EmployeeName_FirstName,Mitchell,0.9022821187973022,2026-05-25 19:39:11.295076
W2_XL_input_clean_1003.pdf,EmployeeName_LastName,Allen,0.9349573254585266,2026-05-25 19:39:11.295088
W2_XL_input_clean_1003.pdf,EmployerAddress_City,South Jamesstad,0.6637742519378662,2026-05-25 19:39:11.295100
W2_XL_input_clean_1003.pdf,EmployerAddress_State,MN,0.07293868809938431,2026-05-25 19:39:11.295112
W2_XL_input_clean_1003.pdf,EmployerAddress_StreetAddressOrPostalBox,560 Munoz Mills Suite 766,0.6167200207710266,2026-05-25 19:39:11.295124
W2_XL_input_clean_1003.pdf,EmployerName,Mcdonald-Harris Inc,0.9575092792510986,2026-05-25 19:39:11.295137
W2_XL_input_clean_1003.pdf,EmployerStateIdNumber_Line1,299-54-060,0.8395382165908813,2026-05-25 19:39:11.295154
W2_XL_input_clean_1003.pdf,FederalIncomeTaxWithheld,32110.03,0.9653117656707764,2026-05-25 19:39:11.295175
W2_XL_input_clean_1003.pdf,FormYear,2010,0.8299490213394165,2026-05-25 19:39:11.295198
W2_XL_input_clean_1003.pdf,LocalIncomeTax_Line1,31747.52,0.6422624588012695,2026-05-25 19:39:11.295215
W2_XL_input_clean_1003.pdf,LocalWagesTipsEtc_Line1,249135.85,0.5407552719116211,2026-05-25 19:39:11.295228
W2_XL_input_clean_1003.pdf,LocalityName_Line1,Francis Motorway,0.6454349160194397,2026-05-25 19:39:11.295241
W2_XL_input_clean_1003.pdf,MedicareTaxWithheld,8681.99,0.9688746333122253,2026-05-25 19:39:11.295253
W2_XL_input_clean_1003.pdf,MedicareWagesAndTips,299378.97,0.9419359564781189,2026-05-25 19:39:11.295270
W2_XL_input_clean_1003.pdf,SSN,691-53-3104,0.9736588597297668,2026-05-25 19:39:11.295291
W2_XL_input_clean_1003.pdf,SocialSecurityTaxWithheld,22601.15,0.9430355429649353,2026-05-25 19:39:11.295311
W2_XL_input_clean_1003.pdf,SocialSecurityTips,295439.81,0.9876255393028259,2026-05-25 19:39:11.295331
W2_XL_input_clean_1003.pdf,SocialSecurityWages,295439.81,0.901446521282196,2026-05-25 19:39:11.295352
W2_XL_input_clean_1003.pdf,StateIncomeTax_Line1,9955.95,0.7721816301345825,2026-05-25 19:39:11.295376
W2_XL_input_clean_1003.pdf,StateWagesTipsEtc_Line1,108724.18,0.671334981918335,2026-05-25 19:39:11.295395
W2_XL_input_clean_1003.pdf,State_Line1,PA,0.7659285068511963,2026-05-25 19:39:11.295414
W2_XL_input_clean_1003.pdf,WagesTipsOtherCompensation,238401.8,0.9656358957290649,2026-05-25 19:39:11.295432
W2_XL_input_clean_1003.pdf,a_Code,E,0.48433995246887207,2026-05-25 19:39:11.295453
W2_XL_input_clean_1003.pdf,a_Value,1500,0.2320706695318222,2026-05-25 19:39:11.295475
W2_XL_input_clean_1003.pdf,b_Code,G,0.3186509907245636,2026-05-25 19:39:11.295496
W2_XL_input_clean_1003.pdf,c_Code,P,0.31791889667510986,2026-05-25 19:39:11.295516
W2_XL_input_clean_1003.pdf,c_Value,641,0.3474745452404022,2026-05-25 19:39:11.295531
W2_XL_input_clean_1003.pdf,d_Code,H,0.0,2026-05-25 19:39:11.295545
W2_XL_input_clean_1101.pdf,AllocatedTips,112023.34,0.8623567819595337,2026-05-25 19:39:27.912975
W2_XL_input_clean_1101.pdf,ControlNumber,5839633,0.9313971996307373,2026-05-25 19:39:27.913017
W2_XL_input_clean_1101.pdf,DependentCareBenefits,190,0.5231612920761108,2026-05-25 19:39:27.913035
W2_XL_input_clean_1101.pdf,EIN,82-1284098,0.9892498850822449,2026-05-25 19:39:27.913051
W2_XL_input_clean_1101.pdf,EmployeeAddress_State,OR,0.03187470883131027,2026-05-25 19:39:27.913074
W2_XL_input_clean_1101.pdf,EmployeeAddress_StreetAddressOrPostalBox,070 Thomas Springs,0.7280577421188354,2026-05-25 19:39:27.913097
W2_XL_input_clean_1101.pdf,EmployeeName_FirstName,Olivia,0.9667270183563232,2026-05-25 19:39:27.913118
W2_XL_input_clean_1101.pdf,EmployeeName_LastName,Clark,0.9649069309234619,2026-05-25 19:39:27.913142
W2_XL_input_clean_1101.pdf,EmployerAddress_City,South Cynthiamouth,0.29770487546920776,2026-05-25 19:39:27.913162
W2_XL_input_clean_1101.pdf,EmployerAddress_State,NH,0.07293868809938431,2026-05-25 19:39:27.913182
W2_XL_input_clean_1101.pdf,EmployerAddress_StreetAddressOrPostalBox,562 Summers Mills Suite 675,0.9038992524147034,2026-05-25 19:39:27.913202
W2_XL_input_clean_1101.pdf,EmployerAddress_Zip,29645,0.9035261869430542,2026-05-25 19:39:27.913223
W2_XL_input_clean_1101.pdf,EmployerName,Fernandez-Mason PLC,0.9571835994720459,2026-05-25 19:39:27.913247
W2_XL_input_clean_1101.pdf,EmployerStateIdNumber_Line1,912-53-562,0.6215458512306213,2026-05-25 19:39:27.913266
W2_XL_input_clean_1101.pdf,FederalIncomeTaxWithheld,29259.09,0.9420486092567444,2026-05-25 19:39:27.913284
W2_XL_input_clean_1101.pdf,FormYear,2010,0.8275732398033142,2026-05-25 19:39:27.913304
W2_XL_input_clean_1101.pdf,LocalIncomeTax_Line1,10584,0.5997965931892395,2026-05-25 19:39:27.913324
W2_XL_input_clean_1101.pdf,LocalWagesTipsEtc_Line1,67315.0,0.24906599521636963,2026-05-25 19:39:27.913345
W2_XL_input_clean_1101.pdf,LocalityName_Line1,Burgess Fords,0.7101246118545532,2026-05-25 19:39:27.913365
W2_XL_input_clean_1101.pdf,MedicareTaxWithheld,3248.68,0.9587200284004211,2026-05-25 19:39:27.913387
W2_XL_input_clean_1101.pdf,MedicareWagesAndTips,112023.34,0.9613631963729858,2026-05-25 19:39:27.913408
W2_XL_input_clean_1101.pdf,SSN,374-59-0391,0.9806172847747803,2026-05-25 19:39:27.913434
W2_XL_input_clean_1101.pdf,SocialSecurityTaxWithheld,5404.78,0.9423717856407166,2026-05-25 19:39:27.913453
W2_XL_input_clean_1101.pdf,SocialSecurityTips,70650.69,0.9728105664253235,2026-05-25 19:39:27.913467
W2_XL_input_clean_1101.pdf,SocialSecurityWages,70650.69,0.9731824994087219,2026-05-25 19:39:27.913479
W2_XL_input_clean_1101.pdf,StateIncomeTax_Line1,4649.12,0.6312520503997803,2026-05-25 19:39:27.913491
W2_XL_input_clean_1101.pdf,StateWagesTipsEtc_Line1,42272.71,0.5703972578048706,2026-05-25 19:39:27.913504
W2_XL_input_clean_1101.pdf,State_Line1,ND,0.9189174175262451,2026-05-25 19:39:27.913516
W2_XL_input_clean_1101.pdf,WagesTipsOtherCompensation,88798.14,0.951184093952179,2026-05-25 19:39:27.913528
W2_XL_input_clean_1101.pdf,a_Value,9414,0.8286709785461426,2026-05-25 19:39:27.913540
W2_XL_input_clean_1101.pdf,b_Code,H,0.49859729409217834,2026-05-25 19:39:27.913553
W2_XL_input_clean_1101.pdf,c_Code,D,0.7183380722999573,2026-05-25 19:39:27.913566
W2_XL_input_clean_1101.pdf,c_Value,595,0.4888279139995575,2026-05-25 19:39:27.913578
W2_XL_input_clean_1101.pdf,d_Value,351,0.13536646962165833,2026-05-25 19:39:27.913591
W2_XL_input_noisy_2963.pdf,EmployeeAddress_State,"MA,",0.010949082672595978,2026-05-25 19:39:39.743400
W2_XL_input_noisy_2963.pdf,EmployerAddress_City,Josephbury,0.8146156072616577,2026-05-25 19:39:39.743451
W2_XL_input_noisy_2963.pdf,EmployerAddress_StreetAddressOrPostalBox,180 Clark Road),0.8756980895996094,2026-05-25 19:39:39.743477
W2_XL_input_noisy_2963.pdf,FormYear,2010,0.9599981307983398,2026-05-25 19:39:39.743497
W2_XL_input_clean_1229.pdf,AllocatedTips,64160.36,0.8891387581825256,2026-05-25 19:39:53.857875
W2_XL_input_clean_1229.pdf,ControlNumber,791336,0.9237030148506165,2026-05-25 19:39:53.857922
W2_XL_input_clean_1229.pdf,DependentCareBenefits,224,0.5555208921432495,2026-05-25 19:39:53.857940
W2_XL_input_clean_1229.pdf,EIN,74-9002279,0.9802757501602173,2026-05-25 19:39:53.857955
W2_XL_input_clean_1229.pdf,EmployeeAddress_City,Stacyton,0.953258216381073,2026-05-25 19:39:53.857968
W2_XL_input_clean_1229.pdf,EmployeeAddress_State,UT,0.08674595504999161,2026-05-25 19:39:53.857981
W2_XL_input_clean_1229.pdf,EmployeeAddress_StreetAddressOrPostalBox,5786 Christopher Circles,0.8545303344726562,2026-05-25 19:39:53.857994
W2_XL_input_clean_1229.pdf,EmployeeAddress_Zip,01070,0.8598486185073853,2026-05-25 19:39:53.858006
W2_XL_input_clean_1229.pdf,EmployeeName_FirstName,Michael,0.9237003922462463,2026-05-25 19:39:53.858019
W2_XL_input_clean_1229.pdf,EmployeeName_LastName,Rasmussen,0.9482541680335999,2026-05-25 19:39:53.858031
W2_XL_input_clean_1229.pdf,EmployerAddress_City,East Davidside,0.8635051250457764,2026-05-25 19:39:53.858043
W2_XL_input_clean_1229.pdf,EmployerAddress_State,MD,0.07293868809938431,2026-05-25 19:39:53.858056
W2_XL_input_clean_1229.pdf,EmployerAddress_StreetAddressOrPostalBox,1646 Justin Groves Suite 259,0.8046415448188782,2026-05-25 19:39:53.858068
W2_XL_input_clean_1229.pdf,EmployerAddress_Zip,45021-6141,0.9159004092216492,2026-05-25 19:39:53.858080
W2_XL_input_clean_1229.pdf,EmployerName,Smith-Duarte Group,0.9750396013259888,2026-05-25 19:39:53.858093
W2_XL_input_clean_1229.pdf,EmployerStateIdNumber_Line1,996-89-378,0.651335597038269,2026-05-25 19:39:53.858105
W2_XL_input_clean_1229.pdf,FederalIncomeTaxWithheld,12967.3,0.8882955312728882,2026-05-25 19:39:53.858117
W2_XL_input_clean_1229.pdf,FormYear,2010,0.875950276851654,2026-05-25 19:39:53.858129
W2_XL_input_clean_1229.pdf,LocalIncomeTax_Line1,10536.02,0.8349058628082275,2026-05-25 19:39:53.858142
W2_XL_input_clean_1229.pdf,LocalWagesTipsEtc_Line1,41304.86,0.6574621200561523,2026-05-25 19:39:53.858154
W2_XL_input_clean_1229.pdf,LocalityName_Line1,Hill Dale,0.8313008546829224,2026-05-25 19:39:53.858166
W2_XL_input_clean_1229.pdf,MedicareTaxWithheld,1860.65,0.9604051113128662,2026-05-25 19:39:53.858178
W2_XL_input_clean_1229.pdf,MedicareWagesAndTips,64160.36,0.9464483261108398,2026-05-25 19:39:53.858190
W2_XL_input_clean_1229.pdf,NonqualifiedPlans,105,0.050461914390325546,2026-05-25 19:39:53.858202
W2_XL_input_clean_1229.pdf,SSN,466-76-5384,0.9912755489349365,2026-05-25 19:39:53.858214
W2_XL_input_clean_1229.pdf,SocialSecurityTaxWithheld,5305.67,0.9442245364189148,2026-05-25 19:39:53.858226
W2_XL_input_clean_1229.pdf,SocialSecurityTips,69355.19,0.9829556941986084,2026-05-25 19:39:53.858237
W2_XL_input_clean_1229.pdf,SocialSecurityWages,69355.19,0.9533129334449768,2026-05-25 19:39:53.858250
W2_XL_input_clean_1229.pdf,StateIncomeTax_Line1,2116.04,0.6228207945823669,2026-05-25 19:39:53.858261
W2_XL_input_clean_1229.pdf,StateWagesTipsEtc_Line1,25852.5,0.4784282445907593,2026-05-25 19:39:53.858273
W2_XL_input_clean_1229.pdf,State_Line1,CT,0.9463008046150208,2026-05-25 19:39:53.858286
W2_XL_input_clean_1229.pdf,WagesTipsOtherCompensation,56486.19,0.9596450328826904,2026-05-25 19:39:53.858305
W2_XL_input_clean_1229.pdf,a_Code,H,0.6389936804771423,2026-05-25 19:39:53.858318
W2_XL_input_clean_1229.pdf,a_Value,2833,0.18092350661754608,2026-05-25 19:39:53.858331
W2_XL_input_clean_1229.pdf,b_Value,854,0.5503890514373779,2026-05-25 19:39:53.858343
W2_XL_input_clean_1229.pdf,c_Value,854,0.5827344655990601,2026-05-25 19:39:53.858356
W2_XL_input_clean_1229.pdf,d_Code,H,0.0,2026-05-25 19:39:53.858368
W2_XL_input_noisy_2950.pdf,EmployeeAddress_StreetAddressOrPostalBox,387 Burton Fords Ap,0.6127134561538696,2026-05-25 19:40:19.936867
W2_XL_input_noisy_2950.pdf,EmployeeName_FirstName,Samantha,0.5043050050735474,2026-05-25 19:40:19.936919
W2_XL_input_noisy_2950.pdf,EmployeeName_LastName,Martinez,0.7382364869117737,2026-05-25 19:40:19.936946
W2_XL_input_noisy_2950.pdf,EmployerAddress_StreetAddressOrPostalBox,972 Gonzalez Dan,0.4198092818260193,2026-05-25 19:40:19.936967
W2_XL_input_noisy_2950.pdf,FormYear,2010,0.9702191352844238,2026-05-25 19:40:19.936992
W2_XL_input_clean_1346.pdf,AllocatedTips,170764.83,0.922797441482544,2026-05-25 19:40:37.248144
W2_XL_input_clean_1346.pdf,ControlNumber,5814845,0.929591715335846,2026-05-25 19:40:37.248201
W2_XL_input_clean_1346.pdf,DependentCareBenefits,168,0.8609787821769714,2026-05-25 19:40:37.248231
W2_XL_input_clean_1346.pdf,EIN,02-7071860,0.9832174181938171,2026-05-25 19:40:37.248253
W2_XL_input_clean_1346.pdf,EmployeeAddress_StreetAddressOrPostalBox,63332 Thomas Well,0.5188689231872559,2026-05-25 19:40:37.248274
W2_XL_input_clean_1346.pdf,EmployeeName_FirstName,Sarah,0.9711610674858093,2026-05-25 19:40:37.248310
W2_XL_input_clean_1346.pdf,EmployeeName_LastName,Brandt,0.9575265049934387,2026-05-25 19:40:37.248332
W2_XL_input_clean_1346.pdf,EmployerAddress_City,Lake Jennifer,0.7635555267333984,2026-05-25 19:40:37.248353
W2_XL_input_clean_1346.pdf,EmployerAddress_State,MS,0.07293868809938431,2026-05-25 19:40:37.248374
W2_XL_input_clean_1346.pdf,EmployerAddress_StreetAddressOrPostalBox,2806 Page Heights,0.8358231782913208,2026-05-25 19:40:37.248392
W2_XL_input_clean_1346.pdf,EmployerName,"Garcia, Campbell and Wheeler Ltd",0.957981288433075,2026-05-25 19:40:37.248411
W2_XL_input_clean_1346.pdf,EmployerStateIdNumber_Line1,990-61-500,0.7199841737747192,2026-05-25 19:40:37.248432
W2_XL_input_clean_1346.pdf,FederalIncomeTaxWithheld,69286.45,0.7385136485099792,2026-05-25 19:40:37.248454
W2_XL_input_clean_1346.pdf,FormYear,2010,0.6170628666877747,2026-05-25 19:40:37.248475
W2_XL_input_clean_1346.pdf,LocalIncomeTax_Line1,35530.75,0.7638629674911499,2026-05-25 19:40:37.248496
W2_XL_input_clean_1346.pdf,LocalWagesTipsEtc_Line1,171984.85,0.84284508228302,2026-05-25 19:40:37.248516
W2_XL_input_clean_1346.pdf,LocalityName_Line1,Cooper Summit,0.5161486268043518,2026-05-25 19:40:37.248537
W2_XL_input_clean_1346.pdf,MedicareTaxWithheld,4952.18,0.9695224165916443,2026-05-25 19:40:37.248557
W2_XL_input_clean_1346.pdf,MedicareWagesAndTips,170764.83,0.969102680683136,2026-05-25 19:40:37.248572
W2_XL_input_clean_1346.pdf,NonqualifiedPlans,217,0.07726504653692245,2026-05-25 19:40:37.248586
W2_XL_input_clean_1346.pdf,SSN,688-20-2674,0.9801746010780334,2026-05-25 19:40:37.248599
W2_XL_input_clean_1346.pdf,SocialSecurityTaxWithheld,16059.14,0.9399571418762207,2026-05-25 19:40:37.248613
W2_XL_input_clean_1346.pdf,SocialSecurityTips,209923.44,0.9938646554946899,2026-05-25 19:40:37.248627
W2_XL_input_clean_1346.pdf,SocialSecurityWages,209923.44,0.9596990346908569,2026-05-25 19:40:37.248640
W2_XL_input_clean_1346.pdf,StateIncomeTax_Line1,7951.91,0.7664704918861389,2026-05-25 19:40:37.248654
W2_XL_input_clean_1346.pdf,StateWagesTipsEtc_Line1,116250.19,0.7779786586761475,2026-05-25 19:40:37.248668
W2_XL_input_clean_1346.pdf,State_Line1,MT,0.9573426842689514,2026-05-25 19:40:37.248681
W2_XL_input_clean_1346.pdf,WagesTipsOtherCompensation,232099.75,0.96048504114151,2026-05-25 19:40:37.248695
W2_XL_input_clean_1346.pdf,a_Value,7738,0.6332520246505737,2026-05-25 19:40:37.248709
W2_XL_input_clean_1346.pdf,b_Value,516,0.24784322082996368,2026-05-25 19:40:37.248722
W2_XL_input_clean_1346.pdf,c_Code,H,0.1293838918209076,2026-05-25 19:40:37.248787
W2_XL_input_clean_1346.pdf,c_Value,973,0.4092552959918976,2026-05-25 19:40:37.248802
W2_XL_input_clean_1346.pdf,d_Code,G,0.0,2026-05-25 19:40:37.248816
W2_XL_input_clean_1140.pdf,AllocatedTips,131289.77,0.9727229475975037,2026-05-25 19:41:14.750130
W2_XL_input_clean_1140.pdf,ControlNumber,6313112,0.8917849659919739,2026-05-25 19:41:14.750198
W2_XL_input_clean_1140.pdf,DependentCareBenefits,223,0.6601614952087402,2026-05-25 19:41:14.750232
W2_XL_input_clean_1140.pdf,EIN,34-3781501,0.9336142539978027,2026-05-25 19:41:14.750255
W2_XL_input_clean_1140.pdf,EmployeeAddress_City,Foleyville,0.9358983635902405,2026-05-25 19:41:14.750273
W2_XL_input_clean_1140.pdf,EmployeeAddress_State,VA,0.08457765728235245,2026-05-25 19:41:14.750290
W2_XL_input_clean_1140.pdf,EmployeeAddress_StreetAddressOrPostalBox,28741 Raymond Center,0.6058467030525208,2026-05-25 19:41:14.750306
W2_XL_input_clean_1140.pdf,EmployeeAddress_Zip,82076,0.8881798982620239,2026-05-25 19:41:14.750322
W2_XL_input_clean_1140.pdf,EmployeeName_FirstName,Lisa,0.9705694913864136,2026-05-25 19:41:14.750338
W2_XL_input_clean_1140.pdf,EmployeeName_LastName,Brewer,0.9479448199272156,2026-05-25 19:41:14.750355
W2_XL_input_clean_1140.pdf,EmployerAddress_City,East Angelica,0.8562334179878235,2026-05-25 19:41:14.750372
W2_XL_input_clean_1140.pdf,EmployerAddress_State,NJ,0.07293868809938431,2026-05-25 19:41:14.750388
W2_XL_input_clean_1140.pdf,EmployerAddress_StreetAddressOrPostalBox,4890 Michelle Mall,0.7414745092391968,2026-05-25 19:41:14.750404
W2_XL_input_clean_1140.pdf,EmployerName,"Weber, Skinner and Fuller Ltd",0.9189403057098389,2026-05-25 19:41:14.750426
W2_XL_input_clean_1140.pdf,EmployerStateIdNumber_Line1,608-18-415,0.5824472904205322,2026-05-25 19:41:14.750454
W2_XL_input_clean_1140.pdf,FederalIncomeTaxWithheld,27487.51,0.9459316730499268,2026-05-25 19:41:14.750482
W2_XL_input_clean_1140.pdf,FormYear,2010,0.8930684924125671,2026-05-25 19:41:14.750501
W2_XL_input_clean_1140.pdf,LocalIncomeTax_Line1,23008.51,0.8157119750976562,2026-05-25 19:41:14.750518
W2_XL_input_clean_1140.pdf,LocalWagesTipsEtc_Line1,146253.8,0.7630630731582642,2026-05-25 19:41:14.750533
W2_XL_input_clean_1140.pdf,LocalityName_Line1,Guerrero Village,0.8156876564025879,2026-05-25 19:41:14.750551
W2_XL_input_clean_1140.pdf,MedicareTaxWithheld,3807.4,0.9674326181411743,2026-05-25 19:41:14.750572
W2_XL_input_clean_1140.pdf,MedicareWagesAndTips,131289.77,0.9467505216598511,2026-05-25 19:41:14.750595
W2_XL_input_clean_1140.pdf,NonqualifiedPlans,247,0.11108502000570297,2026-05-25 19:41:14.750616
W2_XL_input_clean_1140.pdf,SSN,293-66-6168,0.8889952898025513,2026-05-25 19:41:14.750637
W2_XL_input_clean_1140.pdf,SocialSecurityTaxWithheld,12694.01,0.8554709553718567,2026-05-25 19:41:14.750657
W2_XL_input_clean_1140.pdf,SocialSecurityTips,165934.8,0.9781931042671204,2026-05-25 19:41:14.750682
W2_XL_input_clean_1140.pdf,SocialSecurityWages,165934.8,0.9176961183547974,2026-05-25 19:41:14.750707
W2_XL_input_clean_1140.pdf,StateIncomeTax_Line1,5504.62,0.765053927898407,2026-05-25 19:41:14.750729
W2_XL_input_clean_1140.pdf,StateWagesTipsEtc_Line1,67999.47,0.6011211276054382,2026-05-25 19:41:14.750754
W2_XL_input_clean_1140.pdf,State_Line1,SC,0.923816442489624,2026-05-25 19:41:14.750775
W2_XL_input_clean_1140.pdf,WagesTipsOtherCompensation,129524.63,0.9725091457366943,2026-05-25 19:41:14.750789
W2_XL_input_clean_1140.pdf,a_Code,D,0.6589473485946655,2026-05-25 19:41:14.750804
W2_XL_input_clean_1140.pdf,a_Value,3702,0.3916585445404053,2026-05-25 19:41:14.750818
W2_XL_input_clean_1140.pdf,b_Value,595,0.44933992624282837,2026-05-25 19:41:14.750833
W2_XL_input_clean_1140.pdf,c_Code,P,0.4138541519641876,2026-05-25 19:41:14.750865
W2_XL_input_clean_1140.pdf,c_Value,246,0.5521402359008789,2026-05-25 19:41:14.750880
W2_XL_input_clean_1140.pdf,d_Value,156,0.11408089846372604,2026-05-25 19:41:14.750894
W2_XL_input_clean_1327.pdf,AllocatedTips,107718.46,0.7710033059120178,2026-05-25 19:41:25.653176
W2_XL_input_clean_1327.pdf,ControlNumber,8014762,0.8615996241569519,2026-05-25 19:41:25.653228
W2_XL_input_clean_1327.pdf,DependentCareBenefits,217,0.8593679666519165,2026-05-25 19:41:25.653271
W2_XL_input_clean_1327.pdf,EIN,99-1861926,0.988865852355957,2026-05-25 19:41:25.653297
W2_XL_input_clean_1327.pdf,EmployeeAddress_AdditionalStreetAddressOrPostalBox,Apt. 795,0.3575708866119385,2026-05-25 19:41:25.653320
W2_XL_input_clean_1327.pdf,EmployeeAddress_City,Brandyfurt,0.9172503352165222,2026-05-25 19:41:25.653338
W2_XL_input_clean_1327.pdf,EmployeeAddress_State,OK,0.04737212136387825,2026-05-25 19:41:25.653353
W2_XL_input_clean_1327.pdf,EmployeeAddress_StreetAddressOrPostalBox,37700 Mills Street,0.7655822038650513,2026-05-25 19:41:25.653367
W2_XL_input_clean_1327.pdf,EmployeeName_FirstName,Matthew,0.9477797746658325,2026-05-25 19:41:25.653381
W2_XL_input_clean_1327.pdf,EmployeeName_LastName,Gomez,0.9542223811149597,2026-05-25 19:41:25.653396
W2_XL_input_clean_1327.pdf,EmployerAddress_City,Vasquezhaven,0.5073761343955994,2026-05-25 19:41:25.653409
W2_XL_input_clean_1327.pdf,EmployerAddress_State,MO,0.07293868809938431,2026-05-25 19:41:25.653423
W2_XL_input_clean_1327.pdf,EmployerAddress_StreetAddressOrPostalBox,7139 Aaron Ports,0.4712374806404114,2026-05-25 19:41:25.653437
W2_XL_input_clean_1327.pdf,EmployerName,Ward-Alvarez Inc,0.9668744206428528,2026-05-25 19:41:25.653452
W2_XL_input_clean_1327.pdf,EmployerStateIdNumber_Line1,566-70-032,0.28836217522621155,2026-05-25 19:41:25.653473
W2_XL_input_clean_1327.pdf,FederalIncomeTaxWithheld,25868.71,0.864570140838623,2026-05-25 19:41:25.653496
W2_XL_input_clean_1327.pdf,FormYear,2010,0.8402740359306335,2026-05-25 19:41:25.653520
W2_XL_input_clean_1327.pdf,LocalIncomeTax_Line1,15860.15,0.6668699383735657,2026-05-25 19:41:25.653537
W2_XL_input_clean_1327.pdf,LocalWagesTipsEtc_Line1,105776.52,0.16535839438438416,2026-05-25 19:41:25.653623
W2_XL_input_clean_1327.pdf,LocalityName_Line1,Ibarra Freeway,0.6822206377983093,2026-05-25 19:41:25.653655
W2_XL_input_clean_1327.pdf,MedicareTaxWithheld,3123.84,0.9625307321548462,2026-05-25 19:41:25.653672
W2_XL_input_clean_1327.pdf,MedicareWagesAndTips,107718.46,0.9592818021774292,2026-05-25 19:41:25.653687
W2_XL_input_clean_1327.pdf,NonqualifiedPlans,126,0.07408419251441956,2026-05-25 19:41:25.653701
W2_XL_input_clean_1327.pdf,SSN,272-09-4778,0.9850530624389648,2026-05-25 19:41:25.653716
W2_XL_input_clean_1327.pdf,SocialSecurityTaxWithheld,8544.15,0.9450478553771973,2026-05-25 19:41:25.653730
W2_XL_input_clean_1327.pdf,SocialSecurityTips,111688.26,0.9786183834075928,2026-05-25 19:41:25.653743
W2_XL_input_clean_1327.pdf,SocialSecurityWages,111688.26,0.9711394309997559,2026-05-25 19:41:25.653760
W2_XL_input_clean_1327.pdf,StateIncomeTax_Line1,3771.53,0.39079540967941284,2026-05-25 19:41:25.653774
W2_XL_input_clean_1327.pdf,StateWagesTipsEtc_Line1,47455.68,0.31436267495155334,2026-05-25 19:41:25.653788
W2_XL_input_clean_1327.pdf,State_Line1,AK,0.570027232170105,2026-05-25 19:41:25.653801
W2_XL_input_clean_1327.pdf,WagesTipsOtherCompensation,91069.09,0.9460048079490662,2026-05-25 19:41:25.653815
W2_XL_input_clean_1327.pdf,a_Code,E,0.6016169786453247,2026-05-25 19:41:25.653829
W2_XL_input_clean_1327.pdf,b_Code,E,0.6079605221748352,2026-05-25 19:41:25.653858
W2_XL_input_clean_1327.pdf,c_Value,957,0.16191746294498444,2026-05-25 19:41:25.653873
W2_XL_input_clean_1216.pdf,AllocatedTips,117021.98,0.8822380900382996,2026-05-25 19:41:50.987625
W2_XL_input_clean_1216.pdf,ControlNumber,4436879,0.9275829195976257,2026-05-25 19:41:50.987693
W2_XL_input_clean_1216.pdf,DependentCareBenefits,184,0.4881061315536499,2026-05-25 19:41:50.987719
W2_XL_input_clean_1216.pdf,EIN,34-9590233,0.989008367061615,2026-05-25 19:41:50.987741
W2_XL_input_clean_1216.pdf,EmployeeAddress_City,Port Arthur,0.9092042446136475,2026-05-25 19:41:50.987763
W2_XL_input_clean_1216.pdf,EmployeeAddress_State,IL,0.05428950488567352,2026-05-25 19:41:50.987781
W2_XL_input_clean_1216.pdf,EmployeeAddress_StreetAddressOrPostalBox,3520 Christy Falls Apt. 641,0.8751444816589355,2026-05-25 19:41:50.987795
W2_XL_input_clean_1216.pdf,EmployeeAddress_Zip,81406,0.827725887298584,2026-05-25 19:41:50.987809
W2_XL_input_clean_1216.pdf,EmployeeName_FirstName,Joseph,0.9802761077880859,2026-05-25 19:41:50.987823
W2_XL_input_clean_1216.pdf,EmployeeName_LastName,Gonzalez,0.9656655788421631,2026-05-25 19:41:50.987837
W2_XL_input_clean_1216.pdf,EmployerAddress_City,Port Lori,0.8459900617599487,2026-05-25 19:41:50.987870
W2_XL_input_clean_1216.pdf,EmployerAddress_State,AZ,0.07293868809938431,2026-05-25 19:41:50.987885
W2_XL_input_clean_1216.pdf,EmployerAddress_StreetAddressOrPostalBox,6152 Sanders Views Apt. 366,0.928017795085907,2026-05-25 19:41:50.987899
W2_XL_input_clean_1216.pdf,EmployerName,"Williams, Moore and Leonard Inc",0.9777228832244873,2026-05-25 19:41:50.987913
W2_XL_input_clean_1216.pdf,FederalIncomeTaxWithheld,22332.3,0.7339995503425598,2026-05-25 19:41:50.987927
W2_XL_input_clean_1216.pdf,FormYear,2010,0.768256664276123,2026-05-25 19:41:50.987941
W2_XL_input_clean_1216.pdf,LocalIncomeTax_Line1,22740.3,0.5718303918838501,2026-05-25 19:41:50.987955
W2_XL_input_clean_1216.pdf,LocalWagesTipsEtc_Line1,173891.83,0.2037190943956375,2026-05-25 19:41:50.987969
W2_XL_input_clean_1216.pdf,LocalityName_Line1,Wright Spurs,0.6169881224632263,2026-05-25 19:41:50.987983
W2_XL_input_clean_1216.pdf,MedicareTaxWithheld,3393.64,0.9622892737388611,2026-05-25 19:41:50.987996
W2_XL_input_clean_1216.pdf,MedicareWagesAndTips,117021.98,0.9744171500205994,2026-05-25 19:41:50.988010
W2_XL_input_clean_1216.pdf,SSN,089-88-6254,0.9830600619316101,2026-05-25 19:41:50.988024
W2_XL_input_clean_1216.pdf,SocialSecurityTaxWithheld,14030.74,0.8928803205490112,2026-05-25 19:41:50.988037
W2_XL_input_clean_1216.pdf,SocialSecurityTips,183408.32,0.9883112907409668,2026-05-25 19:41:50.988051
W2_XL_input_clean_1216.pdf,SocialSecurityWages,183408.32,0.9728519916534424,2026-05-25 19:41:50.988065
W2_XL_input_clean_1216.pdf,State_Line1,MA,0.42940837144851685,2026-05-25 19:41:50.988085
W2_XL_input_clean_1216.pdf,WagesTipsOtherCompensation,147533.41,0.9755122065544128,2026-05-25 19:41:50.988099
W2_XL_input_clean_1216.pdf,a_Code,E,0.7884325385093689,2026-05-25 19:41:50.988113
W2_XL_input_clean_1216.pdf,a_Value,3715,0.11746515333652496,2026-05-25 19:41:50.988127
W2_XL_input_clean_1049.pdf,AllocatedTips,192491.74,0.8707529306411743,2026-05-25 19:42:05.900347
W2_XL_input_clean_1049.pdf,ControlNumber,2151462,0.9570620656013489,2026-05-25 19:42:05.900399
W2_XL_input_clean_1049.pdf,DependentCareBenefits,196,0.5053288340568542,2026-05-25 19:42:05.900421
W2_XL_input_clean_1049.pdf,EIN,16-7087318,0.9885462522506714,2026-05-25 19:42:05.900443
W2_XL_input_clean_1049.pdf,EmployeeAddress_City,East Brenda,0.7511348724365234,2026-05-25 19:42:05.900463
W2_XL_input_clean_1049.pdf,EmployeeAddress_State,WV,0.04997856169939041,2026-05-25 19:42:05.900476
W2_XL_input_clean_1049.pdf,EmployeeAddress_StreetAddressOrPostalBox,525 Miller Rue Suite 193,0.8932957053184509,2026-05-25 19:42:05.900488
W2_XL_input_clean_1049.pdf,EmployeeName_FirstName,John,0.9811490178108215,2026-05-25 19:42:05.900501
W2_XL_input_clean_1049.pdf,EmployeeName_LastName,Watkins,0.9736305475234985,2026-05-25 19:42:05.900514
W2_XL_input_clean_1049.pdf,EmployerAddress_City,Lake Jason,0.9518103003501892,2026-05-25 19:42:05.900526
W2_XL_input_clean_1049.pdf,EmployerAddress_State,WY,0.07293868809938431,2026-05-25 19:42:05.900539
W2_XL_input_clean_1049.pdf,EmployerAddress_StreetAddressOrPostalBox,1673 Alyssa Corners,0.8098387122154236,2026-05-25 19:42:05.900552
W2_XL_input_clean_1049.pdf,EmployerName,"Gordon, Meyers and Donaldson PLC",0.9431982040405273,2026-05-25 19:42:05.900564
W2_XL_input_clean_1049.pdf,EmployerStateIdNumber_Line1,597-70-011,0.16812337934970856,2026-05-25 19:42:05.900576
W2_XL_input_clean_1049.pdf,FederalIncomeTaxWithheld,43597.33,0.8970586061477661,2026-05-25 19:42:05.900588
W2_XL_input_clean_1049.pdf,FormYear,2010,0.9082207679748535,2026-05-25 19:42:05.900600
W2_XL_input_clean_1049.pdf,LocalIncomeTax_Line1,21233.12,0.617932915687561,2026-05-25 19:42:05.900629
W2_XL_input_clean_1049.pdf,LocalWagesTipsEtc_Line1,214176.94,0.20662003755569458,2026-05-25 19:42:05.900641
W2_XL_input_clean_1049.pdf,LocalityName_Line1,Isaac Fields,0.7240513563156128,2026-05-25 19:42:05.900657
W2_XL_input_clean_1049.pdf,MedicareTaxWithheld,5582.26,0.963437557220459,2026-05-25 19:42:05.900671
W2_XL_input_clean_1049.pdf,MedicareWagesAndTips,192491.74,0.9672113656997681,2026-05-25 19:42:05.900684
W2_XL_input_clean_1049.pdf,NonqualifiedPlans,201,0.06324607878923416,2026-05-25 19:42:05.900696
W2_XL_input_clean_1049.pdf,SSN,749-31-0897,0.9832335114479065,2026-05-25 19:42:05.900708
W2_XL_input_clean_1049.pdf,SocialSecurityTaxWithheld,15935.74,0.9222865700721741,2026-05-25 19:42:05.900721
W2_XL_input_clean_1049.pdf,SocialSecurityTips,208310.31,0.9758819341659546,2026-05-25 19:42:05.900733
W2_XL_input_clean_1049.pdf,SocialSecurityWages,208310.31,0.9665912985801697,2026-05-25 19:42:05.900746
W2_XL_input_clean_1049.pdf,StateWagesTipsEtc_Line1,94131.82,0.18646515905857086,2026-05-25 19:42:05.900758
W2_XL_input_clean_1049.pdf,State_Line1,OK,0.5311165452003479,2026-05-25 19:42:05.900770
W2_XL_input_clean_1049.pdf,WagesTipsOtherCompensation,171350.77,0.9680201411247253,2026-05-25 19:42:05.900782
W2_XL_input_clean_1049.pdf,a_Value,6783,0.8759623765945435,2026-05-25 19:42:05.900795
W2_XL_input_clean_1049.pdf,b_Value,303,0.23082125186920166,2026-05-25 19:42:05.900807
W2_XL_input_clean_1049.pdf,c_Value,716,0.4030955731868744,2026-05-25 19:42:05.900819
W2_XL_input_clean_1044.pdf,AllocatedTips,201181.63,0.8922849893569946,2026-05-25 19:42:16.471799
W2_XL_input_clean_1044.pdf,ControlNumber,6161953,0.9408422112464905,2026-05-25 19:42:16.471882
W2_XL_input_clean_1044.pdf,DependentCareBenefits,230,0.5308662056922913,2026-05-25 19:42:16.471910
W2_XL_input_clean_1044.pdf,EIN,41-3052139,0.9905111789703369,2026-05-25 19:42:16.471933
W2_XL_input_clean_1044.pdf,EmployeeAddress_City,Carterchester,0.8733142614364624,2026-05-25 19:42:16.471950
W2_XL_input_clean_1044.pdf,EmployeeAddress_State,AR,0.05114069581031799,2026-05-25 19:42:16.471964
W2_XL_input_clean_1044.pdf,EmployeeAddress_StreetAddressOrPostalBox,41137 Adams Parkways Suite 509,0.7540022730827332,2026-05-25 19:42:16.471976
W2_XL_input_clean_1044.pdf,EmployeeName_FirstName,Renee,0.9814326167106628,2026-05-25 19:42:16.471988
W2_XL_input_clean_1044.pdf,EmployeeName_LastName,Howard,0.9678114056587219,2026-05-25 19:42:16.472001
W2_XL_input_clean_1044.pdf,EmployerAddress_City,Laurafurt,0.9587118625640869,2026-05-25 19:42:16.472013
W2_XL_input_clean_1044.pdf,EmployerAddress_State,WI,0.07293868809938431,2026-05-25 19:42:16.472026
W2_XL_input_clean_1044.pdf,EmployerAddress_StreetAddressOrPostalBox,695 Martinez Trail Suite 586,0.9202326536178589,2026-05-25 19:42:16.472038
W2_XL_input_clean_1044.pdf,EmployerAddress_Zip,74846-4827,0.9253685474395752,2026-05-25 19:42:16.472051
W2_XL_input_clean_1044.pdf,EmployerName,Rose Ltd Ltd,0.9683085083961487,2026-05-25 19:42:16.472063
W2_XL_input_clean_1044.pdf,EmployerStateIdNumber_Line1,005-02-834,0.30402660369873047,2026-05-25 19:42:16.472077
W2_XL_input_clean_1044.pdf,FederalIncomeTaxWithheld,63087.75,0.8521400690078735,2026-05-25 19:42:16.472091
W2_XL_input_clean_1044.pdf,FormYear,2010,0.9176647067070007,2026-05-25 19:42:16.472105
W2_XL_input_clean_1044.pdf,LocalIncomeTax_Line1,26692.14,0.6442253589630127,2026-05-25 19:42:16.472119
W2_XL_input_clean_1044.pdf,LocalWagesTipsEtc_Line1,297712.28,0.24269630014896393,2026-05-25 19:42:16.472133
W2_XL_input_clean_1044.pdf,LocalityName_Line1,Elizabeth Valleys,0.6602664589881897,2026-05-25 19:42:16.472164
W2_XL_input_clean_1044.pdf,MedicareTaxWithheld,5834.27,0.9613832235336304,2026-05-25 19:42:16.472190
W2_XL_input_clean_1044.pdf,MedicareWagesAndTips,201181.63,0.9675388932228088,2026-05-25 19:42:16.472205
W2_XL_input_clean_1044.pdf,NonqualifiedPlans,261,0.027318837121129036,2026-05-25 19:42:16.472219
W2_XL_input_clean_1044.pdf,SSN,169-52-1407,0.9871801137924194,2026-05-25 19:42:16.472233
W2_XL_input_clean_1044.pdf,SocialSecurityTaxWithheld,19706.69,0.8869040012359619,2026-05-25 19:42:16.472247
W2_XL_input_clean_1044.pdf,SocialSecurityTips,257603.81,0.9887948632240295,2026-05-25 19:42:16.472260
W2_XL_input_clean_1044.pdf,SocialSecurityWages,257603.81,0.9588251709938049,2026-05-25 19:42:16.472274
W2_XL_input_clean_1044.pdf,StateWagesTipsEtc_Line1,74.99,0.0004995651543140411,2026-05-25 19:42:16.472288
W2_XL_input_clean_1044.pdf,State_Line1,NM,0.4694232642650604,2026-05-25 19:42:16.472302
W2_XL_input_clean_1044.pdf,WagesTipsOtherCompensation,230691.99,0.9612919688224792,2026-05-25 19:42:16.472316
W2_XL_input_clean_1044.pdf,a_Code,G,0.7106065154075623,2026-05-25 19:42:16.472331
W2_XL_input_clean_1044.pdf,a_Value,4621,0.11254061758518219,2026-05-25 19:42:16.472346
W2_XL_input_clean_1044.pdf,b_Code,E,0.5772904753684998,2026-05-25 19:42:16.472361
W2_XL_input_clean_1079.pdf,AllocatedTips,89925.86,0.8950242400169373,2026-05-25 19:42:29.982702
W2_XL_input_clean_1079.pdf,ControlNumber,6964735,0.8262594938278198,2026-05-25 19:42:29.982746
W2_XL_input_clean_1079.pdf,DependentCareBenefits,219,0.4863247871398926,2026-05-25 19:42:29.982766
W2_XL_input_clean_1079.pdf,EIN,45-4089146,0.9788868427276611,2026-05-25 19:42:29.982784
W2_XL_input_clean_1079.pdf,EmployeeAddress_State,NV,0.022713858634233475,2026-05-25 19:42:29.982800
W2_XL_input_clean_1079.pdf,EmployeeAddress_StreetAddressOrPostalBox,6462 Coffey Ridge Suite 124,0.7298280596733093,2026-05-25 19:42:29.982825
W2_XL_input_clean_1079.pdf,EmployeeName_FirstName,Eric,0.7689553499221802,2026-05-25 19:42:29.982858
W2_XL_input_clean_1079.pdf,EmployeeName_LastName,Reynolds,0.8809981346130371,2026-05-25 19:42:29.982887
W2_XL_input_clean_1079.pdf,EmployerAddress_City,East Katherine,0.7299361824989319,2026-05-25 19:42:29.982916
W2_XL_input_clean_1079.pdf,EmployerAddress_State,NC,0.07293868809938431,2026-05-25 19:42:29.982934
W2_XL_input_clean_1079.pdf,EmployerAddress_StreetAddressOrPostalBox,994 Lopez Loop,0.8202750086784363,2026-05-25 19:42:29.982950
W2_XL_input_clean_1079.pdf,EmployerName,"Mclean, Baldwin and Bowen Group",0.9489286541938782,2026-05-25 19:42:29.982967
W2_XL_input_clean_1079.pdf,EmployerStateIdNumber_Line1,976-76-440,0.2584182620048523,2026-05-25 19:42:29.982982
W2_XL_input_clean_1079.pdf,FederalIncomeTaxWithheld,14487.49,0.8975255489349365,2026-05-25 19:42:29.982999
W2_XL_input_clean_1079.pdf,FormYear,2010,0.8628756403923035,2026-05-25 19:42:29.983015
W2_XL_input_clean_1079.pdf,LocalIncomeTax_Line1,11968.66,0.5391600131988525,2026-05-25 19:42:29.983031
W2_XL_input_clean_1079.pdf,LocalWagesTipsEtc_Line1,89855.5,0.3717814087867737,2026-05-25 19:42:29.983048
W2_XL_input_clean_1079.pdf,MedicareTaxWithheld,2607.85,0.9633922576904297,2026-05-25 19:42:29.983072
W2_XL_input_clean_1079.pdf,MedicareWagesAndTips,89925.86,0.9661096930503845,2026-05-25 19:42:29.983098
W2_XL_input_clean_1079.pdf,SSN,077-31-6593,0.9693581461906433,2026-05-25 19:42:29.983126
W2_XL_input_clean_1079.pdf,SocialSecurityTaxWithheld,5612.33,0.8582829236984253,2026-05-25 19:42:29.983147
W2_XL_input_clean_1079.pdf,SocialSecurityTips,73363.83,0.9509989023208618,2026-05-25 19:42:29.983163
W2_XL_input_clean_1079.pdf,SocialSecurityWages,73363.83,0.9663276076316833,2026-05-25 19:42:29.983186
W2_XL_input_clean_1079.pdf,StateIncomeTax_Line1,3239.61,0.44499191641807556,2026-05-25 19:42:29.983202
W2_XL_input_clean_1079.pdf,StateWagesTipsEtc_Line1,36750.8,0.15787546336650848,2026-05-25 19:42:29.983218
W2_XL_input_clean_1079.pdf,State_Line1,CT,0.8589555621147156,2026-05-25 19:42:29.983240
W2_XL_input_clean_1079.pdf,WagesTipsOtherCompensation,75551.68,0.9655073285102844,2026-05-25 19:42:29.983256
W2_XL_input_clean_1079.pdf,a_Code,E,0.56117182970047,2026-05-25 19:42:29.983272
W2_XL_input_clean_1172.pdf,AllocatedTips,84490.08,0.7214222550392151,2026-05-25 19:42:43.637247
W2_XL_input_clean_1172.pdf,ControlNumber,82818,0.6589942574501038,2026-05-25 19:42:43.637289
W2_XL_input_clean_1172.pdf,DependentCareBenefits,226,0.727203905582428,2026-05-25 19:42:43.637314
W2_XL_input_clean_1172.pdf,EIN,76-5901145,0.9835578799247742,2026-05-25 19:42:43.637332
W2_XL_input_clean_1172.pdf,EmployeeAddress_City,New Miranda,0.6756303310394287,2026-05-25 19:42:43.637348
W2_XL_input_clean_1172.pdf,EmployeeAddress_State,ID,0.042901791632175446,2026-05-25 19:42:43.637371
W2_XL_input_clean_1172.pdf,EmployeeAddress_StreetAddressOrPostalBox,1035 Mary Villages Apt. 800,0.4664563834667206,2026-05-25 19:42:43.637388
W2_XL_input_clean_1172.pdf,EmployeeName_FirstName,Kevin,0.6265568137168884,2026-05-25 19:42:43.637403
W2_XL_input_clean_1172.pdf,EmployeeName_LastName,Harrington,0.8318668603897095,2026-05-25 19:42:43.637419
W2_XL_input_clean_1172.pdf,EmployerAddress_City,South Davidfort,0.7826806306838989,2026-05-25 19:42:43.637434
W2_XL_input_clean_1172.pdf,EmployerAddress_State,MN,0.07293868809938431,2026-05-25 19:42:43.637449
W2_XL_input_clean_1172.pdf,EmployerAddress_StreetAddressOrPostalBox,9212 Larson Lodge,0.42812082171440125,2026-05-25 19:42:43.637477
W2_XL_input_clean_1172.pdf,EmployerName,Santos-Jones Ltd,0.9730052947998047,2026-05-25 19:42:43.637500
W2_XL_input_clean_1172.pdf,EmployerStateIdNumber_Line1,288-46-704,0.23199792206287384,2026-05-25 19:42:43.637526
W2_XL_input_clean_1172.pdf,FederalIncomeTaxWithheld,19644.92,0.9312435388565063,2026-05-25 19:42:43.637551
W2_XL_input_clean_1172.pdf,FormYear,2010,0.8486625552177429,2026-05-25 19:42:43.637568
W2_XL_input_clean_1172.pdf,LocalIncomeTax_Line1,7059.26,0.6295596361160278,2026-05-25 19:42:43.637583
W2_XL_input_clean_1172.pdf,LocalWagesTipsEtc_Line1,67256.6,0.17692068219184875,2026-05-25 19:42:43.637598
W2_XL_input_clean_1172.pdf,LocalityName_Line1,Erika Flat,0.6722860336303711,2026-05-25 19:42:43.637612
W2_XL_input_clean_1172.pdf,MedicareTaxWithheld,2450.21,0.9723037481307983,2026-05-25 19:42:43.637626
W2_XL_input_clean_1172.pdf,MedicareWagesAndTips,84490.08,0.9748157858848572,2026-05-25 19:42:43.637639
W2_XL_input_clean_1172.pdf,NonqualifiedPlans,167,0.028156405314803123,2026-05-25 19:42:43.637653
W2_XL_input_clean_1172.pdf,SSN,754-32-3306,0.9866060614585876,2026-05-25 19:42:43.637667
W2_XL_input_clean_1172.pdf,SocialSecurityTaxWithheld,5760.8,0.8853048086166382,2026-05-25 19:42:43.637681
W2_XL_input_clean_1172.pdf,SocialSecurityTips,75304.62,0.9888737201690674,2026-05-25 19:42:43.637695
W2_XL_input_clean_1172.pdf,SocialSecurityWages,75304.62,0.976291835308075,2026-05-25 19:42:43.637709
W2_XL_input_clean_1172.pdf,StateIncomeTax_Line1,3193.93,0.3533616364002228,2026-05-25 19:42:43.637722
W2_XL_input_clean_1172.pdf,State_Line1,NH,0.6931403279304504,2026-05-25 19:42:43.637736
W2_XL_input_clean_1172.pdf,WagesTipsOtherCompensation,67447.69,0.969966471195221,2026-05-25 19:42:43.637750
W2_XL_input_clean_1172.pdf,a_Value,9200,0.2965216636657715,2026-05-25 19:42:43.637763
W2_XL_input_clean_1172.pdf,b_Value,749,0.17902794480323792,2026-05-25 19:42:43.637777
W2_XL_input_clean_1172.pdf,c_Code,D,0.16192284226417542,2026-05-25 19:42:43.637792
W2_XL_input_clean_1172.pdf,c_Value,913,0.42449578642845154,2026-05-25 19:42:43.637806
W2_XL_input_clean_1388.pdf,AllocatedTips,167243.99,0.8383026719093323,2026-05-25 19:43:11.804196
W2_XL_input_clean_1388.pdf,ControlNumber,3138833,0.8970656991004944,2026-05-25 19:43:11.804249
W2_XL_input_clean_1388.pdf,DependentCareBenefits,222,0.36178717017173767,2026-05-25 19:43:11.804273
W2_XL_input_clean_1388.pdf,EIN,31-7454033,0.9838226437568665,2026-05-25 19:43:11.804306
W2_XL_input_clean_1388.pdf,EmployeeAddress_City,East Michael,0.6562315821647644,2026-05-25 19:43:11.804323
W2_XL_input_clean_1388.pdf,EmployeeAddress_State,PA,0.01672971062362194,2026-05-25 19:43:11.804337
W2_XL_input_clean_1388.pdf,EmployeeAddress_StreetAddressOrPostalBox,84660 Jeffrey Skyway Suite 406,0.6219552159309387,2026-05-25 19:43:11.804352
W2_XL_input_clean_1388.pdf,EmployeeName_FirstName,Margaret,0.9306628108024597,2026-05-25 19:43:11.804366
W2_XL_input_clean_1388.pdf,EmployeeName_LastName,Huerta,0.8831686973571777,2026-05-25 19:43:11.804380
W2_XL_input_clean_1388.pdf,EmployerAddress_City,Kimberlybury,0.8636109232902527,2026-05-25 19:43:11.804394
W2_XL_input_clean_1388.pdf,EmployerAddress_State,OK,0.07293868809938431,2026-05-25 19:43:11.804408
W2_XL_input_clean_1388.pdf,EmployerAddress_StreetAddressOrPostalBox,6224 Morgan Ridge,0.8618686199188232,2026-05-25 19:43:11.804422
W2_XL_input_clean_1388.pdf,EmployerName,Taylor Ltd LLC,0.9514539241790771,2026-05-25 19:43:11.804436
W2_XL_input_clean_1388.pdf,EmployerStateIdNumber_Line1,936-15-701,0.11938445270061493,2026-05-25 19:43:11.804449
W2_XL_input_clean_1388.pdf,FederalIncomeTaxWithheld,24239.85,0.9360311627388,2026-05-25 19:43:11.804463
W2_XL_input_clean_1388.pdf,FormYear,2010,0.7909658551216125,2026-05-25 19:43:11.804477
W2_XL_input_clean_1388.pdf,LocalIncomeTax_Line1,31172.14,0.5817367434501648,2026-05-25 19:43:11.804491
W2_XL_input_clean_1388.pdf,LocalWagesTipsEtc_Line1,247471.47,0.26817768812179565,2026-05-25 19:43:11.804504
W2_XL_input_clean_1388.pdf,LocalityName_Line1,Hodges Fork,0.7033379077911377,2026-05-25 19:43:11.804521
W2_XL_input_clean_1388.pdf,MedicareTaxWithheld,4850.08,0.9578747153282166,2026-05-25 19:43:11.804545
W2_XL_input_clean_1388.pdf,MedicareWagesAndTips,167243.99,0.9706819653511047,2026-05-25 19:43:11.804569
W2_XL_input_clean_1388.pdf,SSN,464-04-7457,0.9730621576309204,2026-05-25 19:43:11.804592
W2_XL_input_clean_1388.pdf,SocialSecurityTaxWithheld,14137.1,0.7949942946434021,2026-05-25 19:43:11.804618
W2_XL_input_clean_1388.pdf,SocialSecurityTips,184798.68,0.9889061450958252,2026-05-25 19:43:11.804642
W2_XL_input_clean_1388.pdf,SocialSecurityWages,184798.68,0.9707278609275818,2026-05-25 19:43:11.804668
W2_XL_input_clean_1388.pdf,StateIncomeTax_Line1,10247.19,0.2656382918357849,2026-05-25 19:43:11.804687
W2_XL_input_clean_1388.pdf,StateWagesTipsEtc_Line1,105832.36,0.17808862030506134,2026-05-25 19:43:11.804700
W2_XL_input_clean_1388.pdf,State_Line1,KS,0.512893557548523,2026-05-25 19:43:11.804712
W2_XL_input_clean_1388.pdf,WagesTipsOtherCompensation,204450.44,0.9776756167411804,2026-05-25 19:43:11.804725
W2_XL_input_clean_1388.pdf,a_Code,H,0.5471143126487732,2026-05-25 19:43:11.804737
W2_XL_input_clean_1388.pdf,b_Value,614,0.2925933599472046,2026-05-25 19:43:11.804750
W2_XL_input_clean_1388.pdf,c_Code,H,0.04874240234494209,2026-05-25 19:43:11.804762
W2_XL_input_clean_1388.pdf,c_Value,214,0.24382416903972626,2026-05-25 19:43:11.804774
W2_XL_input_clean_1081.pdf,AllocatedTips,113215.27,0.9409488439559937,2026-05-25 19:43:24.901933
W2_XL_input_clean_1081.pdf,ControlNumber,6547443,0.9420242309570312,2026-05-25 19:43:24.901989
W2_XL_input_clean_1081.pdf,DependentCareBenefits,286,0.6075524091720581,2026-05-25 19:43:24.902019
W2_XL_input_clean_1081.pdf,EIN,23-9991611,0.9839961528778076,2026-05-25 19:43:24.902042
W2_XL_input_clean_1081.pdf,EmployeeAddress_City,Port Victoriaview,0.8408941626548767,2026-05-25 19:43:24.902065
W2_XL_input_clean_1081.pdf,EmployeeAddress_State,MO,0.06447076797485352,2026-05-25 19:43:24.902087
W2_XL_input_clean_1081.pdf,EmployeeAddress_StreetAddressOrPostalBox,59112 Johnson Skyway Suite 963,0.6274790167808533,2026-05-25 19:43:24.902107
W2_XL_input_clean_1081.pdf,EmployeeName_FirstName,Jonathan,0.9789009094238281,2026-05-25 19:43:24.902129
W2_XL_input_clean_1081.pdf,EmployeeName_LastName,Clark,0.9704878926277161,2026-05-25 19:43:24.902150
W2_XL_input_clean_1081.pdf,EmployerAddress_City,Derekberg,0.8850849270820618,2026-05-25 19:43:24.902173
W2_XL_input_clean_1081.pdf,EmployerAddress_State,AL,0.07293868809938431,2026-05-25 19:43:24.902215
W2_XL_input_clean_1081.pdf,EmployerAddress_StreetAddressOrPostalBox,64225 Guerra Bridge Suite 331,0.7044579982757568,2026-05-25 19:43:24.902242
W2_XL_input_clean_1081.pdf,EmployerName,Martin Ltd LLC,0.9662415385246277,2026-05-25 19:43:24.902265
W2_XL_input_clean_1081.pdf,EmployerStateIdNumber_Line1,585-56-873,0.6036197543144226,2026-05-25 19:43:24.902279
W2_XL_input_clean_1081.pdf,FederalIncomeTaxWithheld,21594.45,0.9431184530258179,2026-05-25 19:43:24.902294
W2_XL_input_clean_1081.pdf,FormYear,2010,0.8599002361297607,2026-05-25 19:43:24.902308
W2_XL_input_clean_1081.pdf,LocalIncomeTax_Line1,15191.64,0.7478685975074768,2026-05-25 19:43:24.902329
W2_XL_input_clean_1081.pdf,LocalWagesTipsEtc_Line1,78078.5,0.5317410826683044,2026-05-25 19:43:24.902367
W2_XL_input_clean_1081.pdf,LocalityName_Line1,Taylor Meadows,0.7058066725730896,2026-05-25 19:43:24.902393
W2_XL_input_clean_1081.pdf,MedicareTaxWithheld,3283.24,0.9561576247215271,2026-05-25 19:43:24.902420
W2_XL_input_clean_1081.pdf,MedicareWagesAndTips,113215.27,0.9726316332817078,2026-05-25 19:43:24.902439
W2_XL_input_clean_1081.pdf,SSN,635-41-1739,0.9847117066383362,2026-05-25 19:43:24.902453
W2_XL_input_clean_1081.pdf,SocialSecurityTaxWithheld,9373.94,0.949984610080719,2026-05-25 19:43:24.902467
W2_XL_input_clean_1081.pdf,SocialSecurityTips,122535.11,0.9862177968025208,2026-05-25 19:43:24.902481
W2_XL_input_clean_1081.pdf,SocialSecurityWages,122535.11,0.9498576521873474,2026-05-25 19:43:24.902495
W2_XL_input_clean_1081.pdf,StateIncomeTax_Line1,5983.02,0.5181453227996826,2026-05-25 19:43:24.902509
W2_XL_input_clean_1081.pdf,StateWagesTipsEtc_Line1,45311.27,0.414806991815567,2026-05-25 19:43:24.902523
W2_XL_input_clean_1081.pdf,State_Line1,AL,0.6917555928230286,2026-05-25 19:43:24.902537
W2_XL_input_clean_1081.pdf,WagesTipsOtherCompensation,100242.8,0.9577867388725281,2026-05-25 19:43:24.902551
W2_XL_input_clean_1081.pdf,a_Value,8977,0.7921148538589478,2026-05-25 19:43:24.902568
W2_XL_input_clean_1081.pdf,b_Code,P,0.5780179500579834,2026-05-25 19:43:24.902583
W2_XL_input_clean_1081.pdf,c_Code,D,0.392745703458786,2026-05-25 19:43:24.902598
W2_XL_input_clean_1081.pdf,c_Value,502,0.2951855957508087,2026-05-25 19:43:24.902612
W2_XL_input_clean_1110.pdf,AllocatedTips,174225.81,0.9358748197555542,2026-05-25 19:43:38.393750
W2_XL_input_clean_1110.pdf,ControlNumber,7095870,0.9201040267944336,2026-05-25 19:43:38.393814
W2_XL_input_clean_1110.pdf,DependentCareBenefits,166,0.8570600748062134,2026-05-25 19:43:38.393836
W2_XL_input_clean_1110.pdf,EIN,38-9926957,0.9793702363967896,2026-05-25 19:43:38.393879
W2_XL_input_clean_1110.pdf,EmployeeAddress_City,North Ryanfurt,0.9111151695251465,2026-05-25 19:43:38.393901
W2_XL_input_clean_1110.pdf,EmployeeAddress_State,NV,0.08150734752416611,2026-05-25 19:43:38.393919
W2_XL_input_clean_1110.pdf,EmployeeAddress_StreetAddressOrPostalBox,555 Wise Trail,0.8180833458900452,2026-05-25 19:43:38.393940
W2_XL_input_clean_1110.pdf,EmployeeAddress_Zip,75391,0.8392202258110046,2026-05-25 19:43:38.393960
W2_XL_input_clean_1110.pdf,EmployeeName_FirstName,Lisa,0.9797717928886414,2026-05-25 19:43:38.393975
W2_XL_input_clean_1110.pdf,EmployeeName_LastName,Webb,0.973088264465332,2026-05-25 19:43:38.393987
W2_XL_input_clean_1110.pdf,EmployerAddress_City,Sarastad,0.957740306854248,2026-05-25 19:43:38.394001
W2_XL_input_clean_1110.pdf,EmployerAddress_State,NJ,0.07293868809938431,2026-05-25 19:43:38.394013
W2_XL_input_clean_1110.pdf,EmployerAddress_StreetAddressOrPostalBox,200 Webb Stravenue Apt. 411,0.8565194010734558,2026-05-25 19:43:38.394025
W2_XL_input_clean_1110.pdf,EmployerAddress_Zip,94282-6757,0.9017972350120544,2026-05-25 19:43:38.394036
W2_XL_input_clean_1110.pdf,EmployerName,Marshall-Marshall LLC,0.9563947319984436,2026-05-25 19:43:38.394047
W2_XL_input_clean_1110.pdf,EmployerStateIdNumber_Line1,382-48-621,0.8091548085212708,2026-05-25 19:43:38.394058
W2_XL_input_clean_1110.pdf,FederalIncomeTaxWithheld,50303.12,0.9647646546363831,2026-05-25 19:43:38.394069
W2_XL_input_clean_1110.pdf,FormYear,2010,0.8895919322967529,2026-05-25 19:43:38.394081
W2_XL_input_clean_1110.pdf,LocalIncomeTax_Line1,15153.16,0.8454372882843018,2026-05-25 19:43:38.394091
W2_XL_input_clean_1110.pdf,LocalWagesTipsEtc_Line1,132591.35,0.7936109304428101,2026-05-25 19:43:38.394102
W2_XL_input_clean_1110.pdf,LocalityName_Line1,Darrell Motorway,0.8617913126945496,2026-05-25 19:43:38.394113
W2_XL_input_clean_1110.pdf,MedicareTaxWithheld,5052.55,0.9745742678642273,2026-05-25 19:43:38.394124
W2_XL_input_clean_1110.pdf,MedicareWagesAndTips,174225.81,0.9581707119941711,2026-05-25 19:43:38.394135
W2_XL_input_clean_1110.pdf,SSN,357-16-1497,0.9735990166664124,2026-05-25 19:43:38.394146
W2_XL_input_clean_1110.pdf,SocialSecurityTaxWithheld,12518.2,0.8791866898536682,2026-05-25 19:43:38.394157
W2_XL_input_clean_1110.pdf,SocialSecurityTips,163636.54,0.9864398837089539,2026-05-25 19:43:38.394168
W2_XL_input_clean_1110.pdf,SocialSecurityWages,163636.54,0.9746201634407043,2026-05-25 19:43:38.394179
W2_XL_input_clean_1110.pdf,StateIncomeTax_Line1,5385.32,0.7627156376838684,2026-05-25 19:43:38.394190
W2_XL_input_clean_1110.pdf,StateWagesTipsEtc_Line1,65491.36,0.6270502209663391,2026-05-25 19:43:38.394206
W2_XL_input_clean_1110.pdf,State_Line1,AK,0.851952075958252,2026-05-25 19:43:38.394237
W2_XL_input_clean_1110.pdf,WagesTipsOtherCompensation,137810.66,0.9719029664993286,2026-05-25 19:43:38.394260
W2_XL_input_clean_1110.pdf,a_Value,7946,0.8691645860671997,2026-05-25 19:43:38.394272
W2_XL_input_clean_1110.pdf,b_Value,681,0.44176238775253296,2026-05-25 19:43:38.394283
W2_XL_input_clean_1110.pdf,c_Value,702,0.7571554780006409,2026-05-25 19:43:38.394293
W2_XL_input_clean_1110.pdf,d_Value,175,0.15272396802902222,2026-05-25 19:43:38.394304
W2_XL_input_clean_1125.pdf,AllocatedTips,98422.8,0.9644015431404114,2026-05-25 19:43:49.798546
W2_XL_input_clean_1125.pdf,ControlNumber,9150650,0.8894608020782471,2026-05-25 19:43:49.798587
W2_XL_input_clean_1125.pdf,DependentCareBenefits,109,0.7613872289657593,2026-05-25 19:43:49.798603
W2_XL_input_clean_1125.pdf,EIN,30-6197559,0.9875906109809875,2026-05-25 19:43:49.798617
W2_XL_input_clean_1125.pdf,EmployeeAddress_City,New Samueltown,0.9335626363754272,2026-05-25 19:43:49.798631
W2_XL_input_clean_1125.pdf,EmployeeAddress_State,UT,0.0761449933052063,2026-05-25 19:43:49.798644
W2_XL_input_clean_1125.pdf,EmployeeAddress_StreetAddressOrPostalBox,3864 Joshua Via Apt. 073,0.8696914911270142,2026-05-25 19:43:49.798656
W2_XL_input_clean_1125.pdf,EmployeeAddress_Zip,61492,0.818720817565918,2026-05-25 19:43:49.798669
W2_XL_input_clean_1125.pdf,EmployeeName_FirstName,Alexander,0.968160092830658,2026-05-25 19:43:49.798684
W2_XL_input_clean_1125.pdf,EmployeeName_LastName,Todd,0.9469708204269409,2026-05-25 19:43:49.798704
W2_XL_input_clean_1125.pdf,EmployerAddress_City,West Michelle,0.7055017948150635,2026-05-25 19:43:49.798722
W2_XL_input_clean_1125.pdf,EmployerAddress_State,OH,0.07293868809938431,2026-05-25 19:43:49.798735
W2_XL_input_clean_1125.pdf,EmployerAddress_StreetAddressOrPostalBox,04317 Benson Garden,0.31522858142852783,2026-05-25 19:43:49.798747
W2_XL_input_clean_1125.pdf,EmployerName,Combs-Smith Ltd,0.9744687080383301,2026-05-25 19:43:49.798760
W2_XL_input_clean_1125.pdf,EmployerStateIdNumber_Line1,674-54-883,0.3038882911205292,2026-05-25 19:43:49.798772
W2_XL_input_clean_1125.pdf,FederalIncomeTaxWithheld,47193.13,0.9452508091926575,2026-05-25 19:43:49.798784
W2_XL_input_clean_1125.pdf,FormYear,2010,0.8653015494346619,2026-05-25 19:43:49.798797
W2_XL_input_clean_1125.pdf,LocalIncomeTax_Line1,15258.1,0.5908780694007874,2026-05-25 19:43:49.798809
W2_XL_input_clean_1125.pdf,LocalWagesTipsEtc_Line1,145030.8,0.2081456035375595,2026-05-25 19:43:49.798821
W2_XL_input_clean_1125.pdf,LocalityName_Line1,Cook Stravenue,0.7360226511955261,2026-05-25 19:43:49.798834
W2_XL_input_clean_1125.pdf,MedicareTaxWithheld,2854.26,0.9491348266601562,2026-05-25 19:43:49.798867
W2_XL_input_clean_1125.pdf,MedicareWagesAndTips,98422.8,0.8965208530426025,2026-05-25 19:43:49.798881
W2_XL_input_clean_1125.pdf,NonqualifiedPlans,146,0.02340579405426979,2026-05-25 19:43:49.798897
W2_XL_input_clean_1125.pdf,SSN,651-48-8680,0.9894665479660034,2026-05-25 19:43:49.798917
W2_XL_input_clean_1125.pdf,SocialSecurityTaxWithheld,12455.17,0.9194172620773315,2026-05-25 19:43:49.798938
W2_XL_input_clean_1125.pdf,SocialSecurityTips,162812.65,0.9879791140556335,2026-05-25 19:43:49.798959
W2_XL_input_clean_1125.pdf,SocialSecurityWages,162812.65,0.9588489532470703,2026-05-25 19:43:49.798976
W2_XL_input_clean_1125.pdf,StateIncomeTax_Line1,5880.77,0.3051135241985321,2026-05-25 19:43:49.798989
W2_XL_input_clean_1125.pdf,StateWagesTipsEtc_Line1,67313.93,0.2492624819278717,2026-05-25 19:43:49.799003
W2_XL_input_clean_1125.pdf,State_Line1,IL,0.56396484375,2026-05-25 19:43:49.799021
W2_XL_input_clean_1125.pdf,WagesTipsOtherCompensation,130326.93,0.9659123420715332,2026-05-25 19:43:49.799044
W2_XL_input_clean_1125.pdf,a_Value,2452,0.8811761736869812,2026-05-25 19:43:49.799066
W2_XL_input_clean_1125.pdf,b_Code,E,0.586559534072876,2026-05-25 19:43:49.799088
W2_XL_input_clean_1125.pdf,c_Value,566,0.5293857455253601,2026-05-25 19:43:49.799112
W2_XL_input_clean_1125.pdf,d_Code,P,0.0,2026-05-25 19:43:49.799137
W2_XL_input_clean_1071.pdf,AllocatedTips,140168.98,0.9355948567390442,2026-05-25 19:44:03.476439
W2_XL_input_clean_1071.pdf,ControlNumber,5145032,0.9342445135116577,2026-05-25 19:44:03.476478
W2_XL_input_clean_1071.pdf,DependentCareBenefits,178,0.7444111704826355,2026-05-25 19:44:03.476495
W2_XL_input_clean_1071.pdf,EIN,37-7025691,0.9858421087265015,2026-05-25 19:44:03.476509
W2_XL_input_clean_1071.pdf,EmployeeAddress_City,East Kaylaside,0.7355311512947083,2026-05-25 19:44:03.476522
W2_XL_input_clean_1071.pdf,EmployeeAddress_State,NC,0.06452013552188873,2026-05-25 19:44:03.476535
W2_XL_input_clean_1071.pdf,EmployeeAddress_StreetAddressOrPostalBox,9300 Carl Divide,0.853919506072998,2026-05-25 19:44:03.476547
W2_XL_input_clean_1071.pdf,EmployeeAddress_Zip,97355,0.7395830750465393,2026-05-25 19:44:03.476560
W2_XL_input_clean_1071.pdf,EmployeeName_FirstName,Patrick,0.9785147905349731,2026-05-25 19:44:03.476573
W2_XL_input_clean_1071.pdf,EmployeeName_LastName,Lee,0.9641135931015015,2026-05-25 19:44:03.476585
W2_XL_input_clean_1071.pdf,EmployerAddress_City,Martinstad,0.9593942165374756,2026-05-25 19:44:03.476598
W2_XL_input_clean_1071.pdf,EmployerAddress_State,AL,0.07293868809938431,2026-05-25 19:44:03.476610
W2_XL_input_clean_1071.pdf,EmployerAddress_StreetAddressOrPostalBox,447 Craig Parkways Suite 000,0.9242779612541199,2026-05-25 19:44:03.476622
W2_XL_input_clean_1071.pdf,EmployerAddress_Zip,83833,0.7912246584892273,2026-05-25 19:44:03.476635
W2_XL_input_clean_1071.pdf,EmployerName,Espinoza LLC Ltd,0.9683523178100586,2026-05-25 19:44:03.476647
W2_XL_input_clean_1071.pdf,EmployerStateIdNumber_Line1,723-66-619,0.27296844124794006,2026-05-25 19:44:03.476659
W2_XL_input_clean_1071.pdf,FederalIncomeTaxWithheld,55642.99,0.9321873188018799,2026-05-25 19:44:03.476671
W2_XL_input_clean_1071.pdf,FormYear,2010,0.8920215964317322,2026-05-25 19:44:03.476683
W2_XL_input_clean_1071.pdf,LocalIncomeTax_Line1,25592.06,0.7303272485733032,2026-05-25 19:44:03.476696
W2_XL_input_clean_1071.pdf,LocalWagesTipsEtc_Line1,136876.31,0.39392712712287903,2026-05-25 19:44:03.476716
W2_XL_input_clean_1071.pdf,LocalityName_Line1,Jones Mills,0.7958166599273682,2026-05-25 19:44:03.476736
W2_XL_input_clean_1071.pdf,MedicareTaxWithheld,4064.9,0.9718375205993652,2026-05-25 19:44:03.476760
W2_XL_input_clean_1071.pdf,MedicareWagesAndTips,140168.98,0.965463399887085,2026-05-25 19:44:03.476784
W2_XL_input_clean_1071.pdf,NonqualifiedPlans,176,0.2784680724143982,2026-05-25 19:44:03.476803
W2_XL_input_clean_1071.pdf,SSN,306-62-6738,0.9816170334815979,2026-05-25 19:44:03.476816
W2_XL_input_clean_1071.pdf,SocialSecurityTaxWithheld,11775.89,0.9352179169654846,2026-05-25 19:44:03.476828
W2_XL_input_clean_1071.pdf,SocialSecurityTips,153933.15,0.9904895424842834,2026-05-25 19:44:03.476855
W2_XL_input_clean_1071.pdf,SocialSecurityWages,153933.15,0.9679741859436035,2026-05-25 19:44:03.476869
W2_XL_input_clean_1071.pdf,StateIncomeTax_Line1,7099.85,0.5427197217941284,2026-05-25 19:44:03.476882
W2_XL_input_clean_1071.pdf,StateWagesTipsEtc_Line1,82695.75,0.36597344279289246,2026-05-25 19:44:03.476895
W2_XL_input_clean_1071.pdf,State_Line1,KS,0.6303530335426331,2026-05-25 19:44:03.476907
W2_XL_input_clean_1071.pdf,WagesTipsOtherCompensation,167580.53,0.9727544188499451,2026-05-25 19:44:03.476919
W2_XL_input_clean_1071.pdf,a_Code,D,0.6667348146438599,2026-05-25 19:44:03.476932
W2_XL_input_clean_1071.pdf,a_Value,8533,0.13795484602451324,2026-05-25 19:44:03.476945
W2_XL_input_clean_1071.pdf,b_Code,G,0.5436558723449707,2026-05-25 19:44:03.476957
W2_XL_input_clean_1071.pdf,c_Value,417,0.5221333503723145,2026-05-25 19:44:03.476969
W2_XL_input_clean_1071.pdf,d_Code,E,0.0,2026-05-25 19:44:03.476981
W2_XL_input_noisy_2920.pdf,ControlNumber,600192,0.6300918459892273,2026-05-25 19:44:32.990532
W2_XL_input_noisy_2920.pdf,EmployeeAddress_City,Sheppardshire,0.846068799495697,2026-05-25 19:44:32.990571
W2_XL_input_noisy_2920.pdf,EmployeeAddress_State,ME,0.05637948215007782,2026-05-25 19:44:32.990586
W2_XL_input_noisy_2920.pdf,EmployeeAddress_StreetAddressOrPostalBox,6099 Williams Plains,0.8432303071022034,2026-05-25 19:44:32.990599
W2_XL_input_noisy_2920.pdf,EmployeeAddress_Zip,73950,0.7188615798950195,2026-05-25 19:44:32.990612
W2_XL_input_noisy_2920.pdf,EmployeeName_FirstName,Kimberly,0.9699801802635193,2026-05-25 19:44:32.990625
W2_XL_input_noisy_2920.pdf,EmployeeName_LastName,Miller,0.9714736342430115,2026-05-25 19:44:32.990637
W2_XL_input_noisy_2920.pdf,EmployerAddress_AdditionalStreetAddressOrPostalBox,Port Stephanie C,0.8947347402572632,2026-05-25 19:44:32.990650
W2_XL_input_noisy_2920.pdf,EmployerAddress_City,Port Stephanie,0.8649993538856506,2026-05-25 19:44:32.990666
W2_XL_input_noisy_2920.pdf,EmployerAddress_State,DC,0.07293868809938431,2026-05-25 19:44:32.990678
W2_XL_input_noisy_2920.pdf,EmployerAddress_StreetAddressOrPostalBox,1311 Stacey Track Apt. 105,0.8743201494216919,2026-05-25 19:44:32.990691
W2_XL_input_noisy_2920.pdf,EmployerName,", Taylor and Rice Ltd",0.027129454538226128,2026-05-25 19:44:32.990704
W2_XL_input_noisy_2920.pdf,FormYear,2010,0.9856678247451782,2026-05-25 19:44:32.990716
W2_XL_input_noisy_2920.pdf,SocialSecurityWages,85026.15,0.9361573457717896,2026-05-25 19:44:32.990729
W2_XL_input_noisy_2920.pdf,StateIncomeTax_Line1,108315.43,0.3196246027946472,2026-05-25 19:44:32.990740
W2_XL_input_clean_1052.pdf,AllocatedTips,39141.06,0.8807595372200012,2026-05-25 19:44:47.345619
W2_XL_input_clean_1052.pdf,ControlNumber,6415013,0.7683953046798706,2026-05-25 19:44:47.345743
W2_XL_input_clean_1052.pdf,DependentCareBenefits,170,0.34018468856811523,2026-05-25 19:44:47.345775
W2_XL_input_clean_1052.pdf,EIN,68-9101777,0.980391263961792,2026-05-25 19:44:47.345799
W2_XL_input_clean_1052.pdf,EmployeeAddress_StreetAddressOrPostalBox,9857 David Street Apt. 830,0.3959767520427704,2026-05-25 19:44:47.345823
W2_XL_input_clean_1052.pdf,EmployeeName_FirstName,Chad,0.7728711366653442,2026-05-25 19:44:47.345867
W2_XL_input_clean_1052.pdf,EmployeeName_LastName,Rubio,0.8409616351127625,2026-05-25 19:44:47.345889
W2_XL_input_clean_1052.pdf,EmployerAddress_City,Fordburgh,0.8987194299697876,2026-05-25 19:44:47.345909
W2_XL_input_clean_1052.pdf,EmployerAddress_State,ME,0.07293868809938431,2026-05-25 19:44:47.345929
W2_XL_input_clean_1052.pdf,EmployerAddress_StreetAddressOrPostalBox,5942 Harrison Bridge,0.9057543873786926,2026-05-25 19:44:47.345951
W2_XL_input_clean_1052.pdf,EmployerName,Collins-Santana Ltd,0.9665755033493042,2026-05-25 19:44:47.345973
W2_XL_input_clean_1052.pdf,FederalIncomeTaxWithheld,16882.3,0.9539005756378174,2026-05-25 19:44:47.345992
W2_XL_input_clean_1052.pdf,FormYear,2010,0.8571447134017944,2026-05-25 19:44:47.346012
W2_XL_input_clean_1052.pdf,LocalIncomeTax_Line1,7182.83,0.7267736196517944,2026-05-25 19:44:47.346035
W2_XL_input_clean_1052.pdf,LocalWagesTipsEtc_Line1,35373.58,0.3740857243537903,2026-05-25 19:44:47.346057
W2_XL_input_clean_1052.pdf,LocalityName_Line1,Susan Trail,0.7564938068389893,2026-05-25 19:44:47.346071
W2_XL_input_clean_1052.pdf,MedicareTaxWithheld,1135.09,0.9609288573265076,2026-05-25 19:44:47.346085
W2_XL_input_clean_1052.pdf,MedicareWagesAndTips,39141.06,0.9707983136177063,2026-05-25 19:44:47.346099
W2_XL_input_clean_1052.pdf,SSN,414-30-0177,0.9852612018585205,2026-05-25 19:44:47.346113
W2_XL_input_clean_1052.pdf,SocialSecurityTaxWithheld,3475.51,0.929122805595398,2026-05-25 19:44:47.346126
W2_XL_input_clean_1052.pdf,SocialSecurityTips,45431.46,0.947907030582428,2026-05-25 19:44:47.346140
W2_XL_input_clean_1052.pdf,SocialSecurityWages,45431.46,0.977385401725769,2026-05-25 19:44:47.346153
W2_XL_input_clean_1052.pdf,StateIncomeTax_Line1,939.26,0.2515594959259033,2026-05-25 19:44:47.346167
W2_XL_input_clean_1052.pdf,StateWagesTipsEtc_Line1,9.62,0.0004346284840721637,2026-05-25 19:44:47.346181
W2_XL_input_clean_1052.pdf,State_Line1,NH,0.4162500500679016,2026-05-25 19:44:47.346197
W2_XL_input_clean_1052.pdf,WagesTipsOtherCompensation,47511.62,0.9665883183479309,2026-05-25 19:44:47.346214
W2_XL_input_clean_1052.pdf,a_Code,H,0.5689647197723389,2026-05-25 19:44:47.346228
W2_XL_input_clean_1052.pdf,a_Value,1735,0.09231088310480118,2026-05-25 19:44:47.346242
W2_XL_input_clean_1052.pdf,c_Value,798,0.3474235534667969,2026-05-25 19:44:47.346259
